83	39	76	76	10
54	72	67	98	37
53	62	16	34	76
56	35	15	16	35
72	92	24	38	72
33	75	62	35	66
76	78	99	92	62
100	35	42	39	30
64	47	78	78	12
32	99	95	40	83
100	14	85	46	31
94	75	64	55	73
75	23	49	92	68
74	76	71	26	40
94	64	76	64	43
73	77	57	19	21
48	38	55	93	83
42	79	97	64	38
81	29	46	74	19
56	58	57	48	69
82	27	31	20	60
88	68	35	18	35
66	41	21	53	33
95	14	41	47	81
27	56	69	26	20
45	96	67	46	23
77	31	32	48	47
76	84	40	28	48
23	67	87	50	94
55	20	66	43	30
66	19	50	60	19
43	29	87	62	49
47	92	20	95	82
20	38	64	15	99
65	75	40	22	43
93	92	11	74	81
15	86	26	77	23
23	72	71	96	55
20	82	93	53	60
29	67	97	91	97
19	96	85	59	89
75	60	49	89	67
46	82	61	52	97
39	17	94	88	99
100	11	34	32	14
12	97	21	34	58
91	47	77	70	39
30	67	62	66	25
29	82	74	12	93
44	22	34	56	89
31	86	12	24	24
10	26	23	12	96
99	61	90	14	44
48	62	25	42	72
91	30	28	34	95
45	36	29	81	43
49	50	54	90	29
77	61	11	74	13
67	22	35	52	95
26	46	72	71	33
89	88	71	96	27
59	21	86	92	32
41	93	39	27	99
98	78	36	43	71
97	82	63	59	39
27	84	22	41	46
50	71	24	20	10
56	41	84	22	75
33	31	33	95	44
89	14	89	61	95
31	55	17	25	15
81	27	96	47	65
80	22	54	33	46
47	63	11	69	87
93	55	78	66	95
86	54	75	59	89
68	57	20	78	28
68	31	34	93	27
17	46	46	74	58
93	45	72	89	55
73	70	18	24	70
42	26	57	60	33
100	49	80	92	26
76	72	58	58	78
35	66	89	54	38
82	45	88	85	74
53	19	63	86	19
71	39	69	93	79
29	49	64	44	95
47	34	20	97	99
94	26	23	88	21
95	51	67	19	49
84	62	92	42	47
55	91	37	33	37
44	70	77	17	16
28	99	42	11	47
51	92	11	15	49
68	25	89	44	68
18	72	45	84	12
36	91	32	21	13
27	27	77	42	59
67	91	46	28	90
99	30	65	80	65
98	83	83	52	59
67	40	13	44	79
38	63	90	77	40
19	77	11	56	17
27	54	47	40	41
28	25	37	76	80
63	97	32	26	43
11	87	13	18	78
90	89	36	14	18
93	12	65	45	48
37	54	100	18	41
27	66	84	55	23
46	96	44	14	50
50	14	46	39	84
81	67	56	21	17
36	41	46	32	74
82	22	14	37	65
99	70	88	30	70
87	61	38	57	52
21	23	32	26	16
61	46	47	72	81
52	58	57	89	61
13	21	54	85	82
24	12	28	37	83
75	14	79	43	72
17	60	53	44	61
61	44	33	94	90
50	62	75	66	17
44	38	20	12	72
59	83	92	64	59
60	71	64	19	48
35	68	21	87	89
14	69	50	40	97
100	98	31	91	77
84	87	21	84	73
66	99	10	74	97
36	47	72	19	15
52	22	69	94	78
83	33	13	65	57
89	94	31	17	61
79	27	97	36	49
50	51	60	16	51
64	33	96	75	80
98	12	44	11	78
94	87	40	39	13
40	83	89	26	52
12	22	54	35	13
36	93	59	26	28
95	53	39	13	17
89	77	17	36	24
59	53	94	90	46
81	23	85	26	26
86	73	95	65	76
68	34	40	82	80
89	70	50	94	92
25	12	20	24	85
99	53	58	84	33
69	92	36	31	15
80	47	17	85	44
97	15	50	31	95
17	92	35	26	62
71	83	98	56	16
59	77	59	20	12
54	54	25	71	24
75	61	35	60	49
88	95	63	90	41
90	11	58	80	68
74	47	76	83	13
39	38	92	72	17
20	53	51	23	82
46	41	23	29	29
75	42	68	27	98
37	98	11	22	75
98	72	54	38	47
20	58	22	29	100
96	42	29	98	96
39	80	87	81	100
73	48	92	32	74
23	92	31	35	21
84	34	30	85	38
39	70	87	22	60
61	61	59	18	73
35	95	69	33	16
75	80	46	53	91
21	99	17	56	54
77	36	77	19	63
42	21	32	58	14
28	28	33	30	40
96	67	89	59	85
43	74	50	64	27
79	57	69	39	37
10	13	54	90	84
21	69	60	36	69
64	96	95	65	92
91	98	27	93	94
92	81	77	33	50
54	16	81	65	97
82	51	24	63	19
94	56	32	82	14
94	33	38	17	38
15	90	78	53	42
13	10	87	76	68
55	76	36	17	49
26	16	48	21	67
84	51	62	14	64
18	64	91	20	98
11	82	90	11	28
69	73	60	49	77
28	30	82	92	80
53	46	26	55	89
10	15	51	60	56
87	92	44	69	79
51	88	85	41	80
89	75	48	53	17
53	23	13	29	45
72	50	91	16	79
46	62	27	56	15
54	44	91	75	20
45	84	57	69	23
19	15	15	99	55
49	70	85	81	66
65	64	98	75	10
85	76	44	99	90
25	11	83	71	56
50	84	18	61	14
12	20	97	90	77
51	88	76	92	51
49	10	40	95	22
93	45	67	44	89
28	26	61	92	49
47	80	41	68	86
71	55	21	62	77
24	85	19	44	32
40	12	64	78	39
80	28	92	35	57
35	52	55	71	93
50	35	24	62	83
66	29	63	96	76
63	55	45	44	37
71	84	59	14	84
28	19	37	28	10
28	77	89	57	73
96	84	90	77	90
21	48	95	69	19
82	69	58	17	63
92	42	70	45	95
82	91	61	58	80
67	61	42	10	32
86	88	66	14	37
28	95	91	28	26
100	41	64	74	33
49	91	53	38	10
14	42	89	57	49
36	83	92	86	88
19	66	27	67	47
92	10	90	43	34
44	36	57	40	99
81	11	25	87	63
11	94	42	30	62
97	26	24	90	78
68	11	85	18	14
97	31	82	46	81
34	99	23	41	82
87	14	34	70	99
85	88	52	64	71
47	17	49	65	56
76	33	42	80	90
85	27	70	92	99
68	44	44	71	64
44	24	24	45	57
48	39	91	65	88
26	77	26	33	24
87	60	20	84	20
74	10	32	76	19
75	100	53	47	47
97	26	33	52	91
86	49	18	10	87
12	20	99	19	62
38	85	45	67	62
68	56	93	35	44
74	15	14	51	96
58	38	84	100	13
90	74	51	81	85
57	13	84	87	97
65	38	91	99	27
72	73	57	38	62
56	53	21	65	88
88	15	78	54	18
42	20	70	97	39
44	23	53	24	80
98	44	91	15	28
68	48	46	33	67
70	10	15	27	51
33	46	65	43	63
70	41	93	67	47
17	36	62	57	90
10	19	13	54	69
66	33	13	49	94
99	10	94	59	48
89	64	42	50	20
45	47	91	69	59
71	10	68	60	55
66	88	33	23	99
65	24	73	14	86
25	52	80	46	45
43	43	49	20	14
85	82	47	81	18
17	97	35	94	74
44	85	73	23	62
64	71	17	99	75
32	25	44	98	95
34	89	62	51	39
10	46	73	93	31
50	32	83	27	70
45	39	43	94	99
51	19	91	57	81
30	72	89	84	59
100	96	17	30	47
93	72	15	50	43
42	44	71	16	86
50	38	71	99	100
32	17	51	60	68
43	75	94	24	92
86	95	41	29	22
90	68	14	33	14
39	61	91	58	35
10	65	50	82	87
16	32	23	71	43
17	59	66	17	14
63	77	41	87	45
21	84	31	87	33
93	27	36	44	50
10	37	71	11	38
100	63	19	66	57
66	67	81	30	57
17	98	75	93	97
66	87	37	71	73
33	59	25	82	75
75	41	46	99	47
36	37	93	89	60
75	66	95	17	99
61	55	78	87	37
40	93	68	11	38
18	30	32	53	25
48	36	85	93	80
28	46	18	99	66
22	87	86	79	96
32	63	30	30	83
49	97	92	68	22
18	62	64	29	32
60	45	11	42	75
31	21	14	26	14
48	24	18	98	67
74	87	48	82	48
82	35	12	25	22
13	28	85	23	10
54	59	15	23	49
68	97	62	21	31
65	35	92	60	22
71	19	18	57	86
88	97	38	16	97
82	89	87	73	66
39	57	82	39	60
51	44	79	45	48
68	48	57	65	79
47	50	72	88	53
11	88	76	93	62
13	86	57	10	66
70	43	76	53	50
84	35	93	18	48
71	50	64	35	72
89	24	40	94	61
97	28	11	63	33
38	62	34	80	72
38	70	66	79	99
34	79	53	35	61
35	98	46	82	70
85	18	48	18	53
84	18	27	58	33
89	63	76	65	92
25	60	18	70	84
10	16	48	20	25
67	58	55	42	81
70	12	70	55	37
89	58	42	57	95
11	51	41	66	31
55	22	26	28	71
73	89	80	48	42
15	35	12	41	35
53	17	80	27	86
90	33	16	17	82
78	62	70	78	62
69	90	70	98	74
67	71	67	19	91
44	38	12	38	46
96	57	42	100	66
53	23	59	58	33
32	60	10	62	70
41	87	42	89	74
55	54	13	98	63
75	79	38	34	86
42	57	29	19	21
27	53	65	22	57
42	67	95	39	29
79	80	34	44	39
36	20	74	90	26
69	37	53	73	80
44	81	92	40	16
59	74	40	64	100
26	97	51	34	29
48	30	84	39	77
46	60	51	70	96
63	68	88	54	94
55	27	98	65	72
50	51	77	69	81
14	24	96	35	65
32	61	21	74	55
89	29	96	85	13
52	99	82	32	89
34	57	81	62	62
82	60	72	95	26
19	56	94	24	31
15	76	75	76	63
25	29	67	77	53
45	88	40	13	27
65	54	78	99	41
64	52	33	13	46
33	68	37	59	59
30	14	31	13	90
43	60	20	66	88
94	96	52	55	26
27	53	72	38	13
24	100	65	43	51
62	40	61	73	45
13	17	70	73	38
73	73	32	12	26
67	42	18	17	77
52	22	98	26	46
20	89	18	31	25
18	14	71	21	41
81	19	70	66	78
37	91	44	27	64
94	75	29	47	49
60	87	52	34	69
16	49	21	42	46
68	33	94	27	24
67	48	11	19	91
35	55	72	86	94
61	95	34	74	29
42	57	35	97	92
18	42	39	89	62
48	75	51	25	58
53	80	46	10	77
86	71	77	16	81
37	49	60	85	20
63	34	46	59	43
53	84	42	40	20
76	38	98	57	16
95	29	96	21	13
31	25	98	15	24
48	21	88	72	58
76	89	51	98	82
54	20	78	12	66
21	15	100	56	19
48	78	22	57	52
99	13	32	32	61
21	44	45	40	67
15	89	71	57	22
30	57	69	29	86
13	62	64	62	38
22	65	72	62	62
21	91	80	51	38
81	51	67	59	91
63	31	14	34	77
13	22	82	64	87
51	17	85	58	100
89	66	25	39	75
78	11	39	81	59
80	33	20	69	21
16	100	81	76	86
54	66	44	81	52
33	81	41	43	10
29	60	76	96	63
94	88	64	75	40
20	54	32	73	58
47	73	100	50	39
96	43	15	61	43
58	66	13	14	49
24	34	57	24	14
93	57	94	32	32
84	14	85	58	37
27	47	45	95	69
99	41	56	95	16
55	24	56	92	15
96	59	41	95	77
36	99	38	85	63
16	35	18	95	91
32	81	20	10	81
19	41	77	42	95
37	85	24	51	62
57	86	38	45	65
29	62	14	27	70
76	54	27	78	55
97	81	81	10	76
66	63	41	44	39
28	13	67	60	54
19	55	71	15	21
94	59	80	100	13
21	48	64	54	95
77	91	18	32	51
89	79	21	46	38
31	24	18	92	34
11	65	50	69	16
31	80	67	71	55
70	40	53	62	25
29	70	16	87	79
31	39	71	29	67
82	89	30	49	29
40	42	14	24	100
61	25	48	54	46
43	53	74	95	42
62	18	77	78	28
52	73	60	17	64
59	55	100	56	52
64	62	56	40	79
88	50	10	63	99
67	58	37	59	57
23	34	36	47	57
95	30	53	18	25
86	76	51	44	10
91	41	40	75	67
72	56	67	84	94
86	34	71	33	17
48	88	77	82	59
45	43	41	51	32
53	45	70	66	18
92	41	96	61	51
15	19	56	49	33
69	24	86	48	13
43	38	16	91	69
95	52	76	20	42
29	36	47	20	86
38	82	70	59	67
40	86	86	83	50
90	25	69	43	59
92	95	15	58	93
95	29	62	79	90
83	64	56	47	91
73	66	78	75	50
89	81	20	25	54
31	62	46	54	91
76	28	72	54	50
79	48	70	24	78
26	30	73	40	17
70	97	95	39	52
59	66	40	76	29
41	30	29	53	85
79	20	34	58	94
47	60	47	22	65
88	11	43	82	51
30	35	28	33	91
94	25	99	18	81
31	34	91	22	55
86	25	53	13	19
41	37	45	72	34
64	71	100	80	57
78	18	39	23	26
35	45	28	72	91
86	95	22	90	56
51	13	31	10	27
73	97	91	54	18
91	35	35	37	64
20	56	48	70	31
78	90	46	99	70
87	20	14	38	49
48	31	80	75	16
61	13	67	79	51
56	12	57	56	78
14	52	97	45	38
40	86	27	36	53
63	99	22	18	58
45	24	18	39	26
31	82	10	90	28
82	62	70	77	25
59	38	85	75	54
23	64	29	32	78
17	97	98	73	59
28	47	97	95	48
32	50	69	46	84
83	25	56	14	98
76	99	45	10	37
60	12	84	12	32
94	30	44	62	70
11	71	77	17	81
65	66	13	45	51
54	31	36	41	91
70	62	13	15	81
32	80	30	98	17
92	40	36	14	12
17	22	39	52	60
57	20	11	24	55
100	31	81	39	14
88	58	98	54	39
55	53	14	73	27
31	85	50	11	30
69	30	77	48	44
80	71	56	41	64
19	76	94	89	52
91	28	26	10	68
17	48	97	86	59
74	61	98	30	19
11	56	25	36	55
56	26	52	66	59
70	62	16	10	83
55	79	26	26	62
16	78	74	100	95
89	87	64	14	43
76	28	11	94	96
91	67	12	56	18
24	54	71	39	46
71	69	45	18	77
91	92	53	99	15
89	79	47	80	57
20	81	94	53	75
69	15	68	76	88
33	35	41	81	31
88	10	59	77	55
12	98	38	51	28
90	22	15	17	44
89	90	62	65	97
29	74	50	63	59
46	56	24	49	25
82	23	78	55	54
27	98	21	59	75
78	19	25	25	91
14	61	41	97	59
84	37	44	74	55
78	70	91	77	55
32	34	37	46	90
42	61	31	56	74
56	99	23	18	43
78	86	48	91	100
81	70	68	69	97
59	13	19	56	77
29	68	76	42	70
38	40	98	31	71
86	30	52	26	26
70	25	85	28	30
72	55	36	17	92
63	26	40	46	28
13	28	63	90	52
90	68	21	11	66
90	15	36	98	94
56	89	65	21	48
86	50	98	85	47
63	82	95	33	76
84	94	54	11	20
59	21	49	84	98
31	29	92	75	92
36	63	38	80	51
48	72	67	73	24
92	48	35	26	66
36	57	32	63	54
73	84	29	53	81
15	18	99	99	78
53	45	34	31	92
94	75	44	18	66
68	90	21	35	44
52	43	35	92	37
30	63	90	97	89
54	53	87	96	99
69	19	54	93	73
88	12	14	79	82
32	73	74	43	67
62	17	23	22	74
31	11	88	53	60
17	26	18	36	95
46	36	39	91	21
74	34	59	94	90
78	32	64	46	67
74	26	97	30	30
58	55	31	61	52
31	30	38	88	66
32	19	14	73	62
33	44	36	12	13
77	28	99	91	40
27	80	44	54	70
60	18	36	71	88
65	97	52	33	60
51	67	62	10	88
10	59	81	90	34
13	98	38	58	87
31	66	85	45	99
65	63	33	88	72
41	26	78	100	75
13	76	71	53	28
83	86	96	42	55
44	91	56	37	49
24	83	44	63	28
97	36	41	41	74
44	83	48	52	88
52	18	74	27	99
92	56	25	21	54
92	96	74	68	91
23	30	91	60	39
11	39	33	88	35
78	67	17	84	45
99	53	51	16	62
81	62	26	24	75
27	45	31	15	95
41	23	65	31	33
83	85	50	24	77
79	59	15	27	30
20	52	50	59	23
28	81	18	40	43
89	48	99	49	32
31	22	26	83	30
84	87	88	11	95
92	83	100	90	79
57	71	50	75	66
45	88	16	32	10
12	30	58	85	36
96	86	78	78	49
82	87	18	74	51
18	95	90	15	57
63	47	43	14	88
31	56	44	50	92
30	75	18	41	53
42	64	64	78	15
99	77	76	33	61
73	16	71	85	39
50	24	86	27	21
45	81	59	84	10
17	15	29	13	90
84	45	36	74	65
70	100	12	40	65
78	95	58	41	51
11	82	79	59	51
13	50	44	39	76
37	42	94	78	14
85	89	32	42	75
20	29	32	34	82
65	59	36	98	81
10	87	26	63	50
37	33	37	22	70
50	77	12	94	32
61	27	57	95	21
85	10	75	45	38
59	39	52	61	24
70	56	98	37	63
70	20	20	90	85
71	40	26	23	100
30	13	61	62	47
10	40	77	35	87
66	69	82	94	37
33	64	30	13	81
35	56	17	23	49
19	14	60	41	43
49	45	91	47	61
90	99	38	81	26
55	22	77	54	84
100	99	62	16	45
76	48	65	62	24
86	37	50	56	20
68	22	87	85	44
38	95	76	24	77
12	90	59	22	34
67	53	13	14	85
92	83	11	40	84
81	55	64	84	32
42	85	15	34	47
44	18	85	40	36
55	60	30	77	86
44	85	83	21	79
41	40	59	87	12
34	58	32	53	60
87	45	50	33	74
91	45	28	36	26
22	37	45	100	67
93	58	75	85	72
53	14	42	76	73
47	60	88	60	16
61	45	54	34	59
48	22	87	50	95
37	90	24	13	10
35	47	24	42	39
61	28	54	70	49
38	86	79	64	84
17	94	73	89	90
54	72	62	64	12
83	37	20	86	28
62	69	22	50	29
87	67	31	53	33
79	11	99	60	46
26	29	44	10	13
91	13	32	91	17
25	33	55	98	31
73	81	22	78	66
36	33	50	99	89
56	40	81	18	49
44	32	34	52	10
49	83	94	89	18
51	57	73	35	12
60	86	25	88	69
99	60	11	77	25
15	75	63	83	20
36	87	59	22	26
11	12	70	36	87
89	65	39	15	71
42	94	43	21	74
89	38	83	42	83
42	51	29	83	21
38	34	64	58	55
34	81	84	67	48
24	19	47	54	25
89	56	14	56	31
18	42	29	80	97
47	65	21	30	70
38	30	36	37	80
87	66	83	79	17
29	21	51	16	98
34	15	29	68	10
51	73	40	29	34
27	74	15	50	90
48	55	41	62	21
75	41	48	73	89
32	84	21	46	93
75	20	65	94	100
93	74	49	94	44
54	41	35	42	62
72	56	68	68	61
35	31	98	51	28
59	99	77	37	97
69	18	36	29	62
88	71	83	61	86
87	44	11	26	17
15	79	54	98	67
75	75	60	29	59
86	75	39	53	99
95	94	19	37	88
66	42	89	57	14
98	74	62	85	94
50	15	17	42	19
10	62	48	89	53
28	19	56	63	24
76	78	32	100	59
39	24	69	71	96
11	60	52	67	79
73	33	35	41	80
56	73	56	18	85
26	27	49	48	10
82	43	64	42	33
11	92	31	80	67
19	19	99	54	29
98	77	65	64	36
49	70	28	69	83
82	28	72	79	34
68	37	99	80	61
98	40	88	58	76
25	43	55	20	28
55	47	40	66	17
89	34	80	27	43
57	60	80	68	23
59	55	77	32	46
99	34	61	16	26
78	39	39	21	43
53	82	31	98	27
22	73	20	30	87
80	86	75	89	91
83	83	66	24	95
39	79	83	78	90
55	90	20	12	42
81	14	24	44	84
72	89	56	86	68
95	39	10	84	94
53	35	16	56	90
43	79	82	75	61
24	23	40	21	22
11	39	12	41	43
59	32	23	90	98
47	31	96	95	45
39	18	18	41	65
16	83	61	76	33
39	95	89	55	31
43	17	11	18	46
90	29	13	15	87
52	75	17	97	20
99	80	94	88	74
90	16	57	32	60
28	19	34	56	11
39	57	63	72	62
90	50	32	51	64
99	50	21	29	42
97	23	75	67	61
29	39	17	58	15
20	15	43	16	71
82	14	96	76	76
47	98	86	55	54
25	100	54	63	52
55	91	12	32	64
85	79	79	18	81
30	84	59	56	58
60	39	30	89	75
41	75	93	100	93
68	34	69	45	51
96	17	77	98	50
28	59	72	16	33
59	81	52	15	96
97	31	34	35	40
69	76	100	63	85
59	30	97	25	44
49	60	93	85	90
42	39	59	57	35
50	72	74	81	55
78	66	12	46	82
28	18	63	44	47
93	76	38	63	77
99	64	59	62	52
59	60	20	93	78
33	41	92	26	17
45	52	27	79	48
27	53	80	62	97
27	19	86	54	12
52	37	78	60	30
75	86	77	64	52
94	86	68	92	21
22	65	93	59	47
10	73	13	55	40
25	23	10	92	22
83	34	84	43	85
89	56	41	38	85
35	39	27	76	92
85	93	28	10	36
24	61	17	11	16
18	85	70	40	10
33	97	15	71	36
29	33	94	94	81
53	59	76	23	99
19	12	43	64	10
39	81	54	66	28
96	36	46	49	55
41	91	16	39	24
10	34	88	34	17
88	77	23	67	54
59	48	54	73	29
26	81	46	39	75
72	77	73	24	79
11	60	86	23	34
37	65	56	38	37
92	62	37	66	19
12	53	67	44	61
24	97	69	34	26
46	75	91	10	85
27	89	63	45	76
37	41	83	49	18
39	23	58	73	61
90	70	33	21	73
83	84	20	100	30
13	12	55	98	91
91	96	28	89	47
10	69	26	59	85
15	50	27	64	73
23	20	70	52	34
40	95	32	52	53
87	67	44	78	42
65	16	84	100	78
12	30	69	28	24
38	40	28	64	52
30	38	60	29	31
68	46	85	38	23
29	22	10	81	90
62	69	61	21	94
63	65	27	33	99
32	75	37	47	25
22	32	50	69	32
18	35	38	16	93
79	74	81	11	100
68	70	46	54	81
54	35	54	59	12
15	12	86	25	63
14	41	96	58	29
35	16	17	24	72
21	55	36	30	20
66	31	12	30	53
15	90	36	50	21
97	43	36	65	38
24	99	71	20	77
88	73	69	83	79
81	83	42	56	20
91	39	89	25	93
95	27	62	93	52
19	56	16	51	27
68	76	92	85	76
80	56	62	82	54
51	88	82	58	32
94	99	85	96	19
28	45	59	23	88
52	79	24	67	94
74	91	44	86	25
48	41	47	21	95
87	97	36	81	77
44	98	60	89	49
13	83	83	75	20
12	25	64	64	59
12	98	36	10	19
92	45	72	59	18
14	40	93	70	97
75	20	46	30	34
68	75	84	22	90
32	20	48	74	21
48	67	55	64	25
34	99	29	29	62
27	65	82	39	98
92	41	30	63	48
71	41	79	21	48
33	28	15	40	26
61	38	14	40	50
53	61	84	63	58
14	22	51	77	78
59	24	61	94	99
80	22	70	100	98
76	99	82	51	32
56	34	85	10	10
45	45	36	75	92
97	29	40	23	35
87	29	78	28	96
46	30	12	35	44
19	70	68	18	55
59	22	28	15	24
50	68	51	87	16
49	54	97	34	18
14	98	83	80	35
97	73	92	43	33
34	83	21	39	85
12	96	21	28	94
10	32	86	20	96
64	10	95	65	26
35	38	60	31	32
34	46	48	63	55
50	76	75	39	73
97	49	37	92	25
57	85	44	29	72
80	86	26	68	75
34	26	90	78	27
21	21	84	55	11
40	41	21	20	58
94	88	12	13	11
71	89	56	76	99
94	86	25	20	89
58	60	60	11	67
89	31	31	42	56
35	38	86	65	35
78	77	84	58	12
31	17	37	72	98
43	13	88	39	78
10	64	66	77	60
68	90	13	30	96
28	33	95	15	100
40	75	53	22	94
83	72	49	20	63
19	26	87	68	62
46	35	84	41	39
34	39	73	64	81
94	32	58	67	70
55	66	78	39	22
35	68	84	14	31
92	21	25	67	13
63	60	52	70	23
60	86	77	49	61
57	66	88	59	21
56	32	32	55	19
38	68	60	86	35
30	59	88	33	80
16	81	60	85	52
12	20	16	75	49
30	100	84	17	23
97	83	14	11	90
61	78	42	53	83
58	36	20	28	88
79	96	25	32	40
65	77	17	41	30
89	79	73	46	28
59	88	51	72	99
71	30	58	27	35
44	40	15	55	28
50	76	86	32	30
83	82	63	15	33
20	81	80	34	18
55	76	56	95	18
27	78	42	30	65
55	78	36	93	49
38	35	81	50	33
98	85	69	66	29
13	44	76	43	55
73	25	24	44	16
86	98	74	92	93
45	35	36	31	61
66	79	92	98	42
96	19	88	35	99
58	23	69	15	36
29	59	10	15	30
84	54	52	55	12
39	85	20	24	76
61	17	17	57	21
63	75	42	98	28
54	46	78	68	70
76	11	39	68	61
10	13	14	88	58
12	72	75	98	93
43	17	92	56	80
80	50	91	67	25
51	74	80	86	16
65	51	95	93	82
39	68	59	27	91
55	92	78	62	99
45	15	78	61	16
51	81	35	14	43
22	46	79	28	84
29	61	94	11	33
72	13	81	37	30
94	72	29	49	63
86	64	36	31	42
59	62	74	63	20
24	61	60	58	58
87	47	54	27	24
43	52	17	91	79
59	46	11	56	49
89	62	44	52	50
50	56	79	90	100
89	58	13	49	29
15	35	22	21	37
98	26	85	76	15
61	30	25	60	82
100	59	50	38	85
64	16	89	42	25
97	57	54	94	74
45	33	64	57	10
64	56	14	63	39
22	79	37	24	27
73	82	24	53	18
20	36	37	96	44
26	82	79	64	47
38	79	64	46	27
51	64	33	99	77
27	36	21	27	60
21	45	73	46	35
29	42	95	66	39
21	65	64	85	23
85	56	22	82	77
12	27	68	49	29
66	13	41	100	74
17	45	41	89	84
45	23	56	56	99
24	43	11	37	69
75	58	79	67	11
96	49	68	24	69
49	61	59	73	82
44	12	78	46	34
11	11	56	41	83
14	36	52	65	94
74	24	37	12	18
29	71	76	61	58
83	97	29	94	43
63	78	12	20	24
42	89	38	58	33
95	77	61	56	20
15	48	37	26	15
66	18	11	11	79
88	99	61	47	13
77	58	92	99	42
16	51	26	69	53
72	77	10	100	19
45	19	84	23	64
12	46	62	71	86
98	100	43	19	71
76	39	87	66	47
54	12	50	62	38
49	78	55	37	78
61	26	43	17	71
38	80	18	94	86
17	13	41	41	100
36	53	29	89	18
41	65	23	87	42
88	82	18	39	30
73	57	23	70	98
22	82	18	23	93
95	29	30	32	23
18	59	26	51	93
49	57	84	44	88
63	26	66	70	41
48	97	12	94	99
12	31	62	17	91
22	45	100	94	43
50	18	17	91	34
28	69	39	88	68
82	38	90	83	32
74	82	100	22	72
75	88	57	77	25
52	63	89	37	40
81	13	16	50	77
63	24	21	47	43
79	54	54	82	50
95	62	40	71	90
23	85	16	67	57
75	30	96	75	90
63	40	91	22	86
81	11	40	58	51
12	13	11	22	84
99	16	32	87	73
17	49	15	14	97
89	61	48	24	98
83	60	64	45	37
100	14	72	22	15
64	90	95	79	96
88	14	98	65	23
65	21	16	88	78
100	79	99	82	52
67	54	85	31	14
32	48	12	69	93
22	42	37	70	87
18	45	30	83	62
64	67	18	41	57
66	93	89	82	18
22	77	93	77	83
83	50	42	21	35
90	99	92	42	50
98	26	74	96	41
80	82	29	49	21
88	78	86	85	36
84	32	81	13	70
69	76	68	78	67
71	20	23	83	65
78	76	31	16	32
67	85	25	76	14
83	71	45	27	18
23	20	85	44	66
17	51	23	23	26
72	70	53	15	18
72	61	14	30	47
46	22	75	29	17
38	13	50	48	60
47	21	37	61	87
56	30	99	83	35
43	97	11	99	93
63	20	78	82	11
97	69	69	64	64
100	24	90	10	90
88	86	97	67	97
19	94	72	89	52
43	97	99	77	38
31	28	85	71	47
80	66	75	56	49
51	92	56	52	22
22	47	27	63	47
21	98	43	16	11
75	16	33	32	15
59	81	55	67	66
61	14	77	74	10
86	31	75	64	42
54	50	51	31	92
45	22	46	76	76
37	59	47	21	40
14	90	53	59	20
32	92	36	63	31
48	43	95	82	67
15	66	52	52	37
78	26	89	27	26
88	15	76	37	97
14	85	21	64	96
97	20	80	42	41
88	23	52	98	27
55	44	36	55	68
69	47	62	86	17
35	17	86	65	46
78	71	25	38	15
76	58	98	79	54
42	38	91	65	36
80	88	69	70	91
39	51	81	17	83
22	38	65	69	21
77	51	14	21	39
48	83	26	94	37
71	10	28	74	95
17	94	28	84	89
45	21	63	74	59
35	36	39	78	51
49	80	86	73	19
58	30	100	35	18
78	19	26	51	65
31	65	47	37	17
42	30	89	85	45
95	34	96	21	79
24	47	64	46	38
36	85	79	94	84
16	21	55	45	92
32	33	100	17	43
38	24	38	68	40
11	58	82	41	29
40	71	31	74	53
72	82	63	36	24
55	98	100	98	52
57	16	11	20	51
51	63	74	89	59
38	11	49	77	66
77	64	55	38	36
100	33	15	52	94
16	51	78	14	50
59	31	33	21	13
24	65	73	37	77
18	45	82	64	13
71	72	58	69	20
41	51	51	56	94
10	65	77	45	28
20	95	82	90	32
55	37	22	16	23
69	39	79	28	94
31	35	88	24	40
44	59	84	18	31
53	64	68	78	45
94	75	14	16	44
50	28	85	43	91
72	86	61	51	44
98	65	57	28	84
51	100	16	61	17
18	13	23	83	51
36	36	25	91	52
100	91	47	52	88
92	69	46	27	10
95	67	99	89	17
55	34	13	62	90
15	59	26	61	61
88	20	80	52	83
30	70	67	12	39
99	92	83	25	98
16	83	24	42	32
53	77	22	40	44
91	55	42	27	70
69	61	21	54	59
65	39	15	33	38
60	48	57	61	40
100	58	47	90	52
92	41	88	94	51
64	37	48	60	56
89	42	62	64	68
39	20	20	28	21
41	79	33	41	11
76	28	62	56	46
11	79	38	14	98
30	91	73	35	36
14	98	91	98	65
99	53	42	88	30
17	50	77	63	79
35	99	85	15	61
97	69	91	13	90
70	15	81	16	94
22	21	83	53	70
98	94	21	96	84
35	95	22	38	30
96	34	13	23	97
74	35	49	95	33
91	98	82	93	57
94	11	37	45	97
33	81	84	52	32
83	50	53	13	85
44	100	38	78	44
51	100	28	37	96
93	83	59	14	20
19	79	29	73	86
22	62	64	54	48
79	62	34	99	15
57	21	45	98	75
73	15	76	92	85
39	100	58	34	40
83	51	85	66	55
34	23	83	50	68
12	49	32	65	41
53	68	90	36	52
100	19	47	58	27
51	29	50	27	34
82	82	29	97	41
34	80	60	31	18
61	48	89	91	34
87	95	19	62	15
75	54	30	40	59
59	35	13	98	26
11	50	89	52	19
66	11	88	64	81
55	87	100	76	59
42	83	55	32	12
29	68	26	16	57
10	84	99	25	81
90	29	38	55	70
38	60	85	70	96
70	39	68	48	73
24	37	43	86	96
55	70	62	41	13
29	98	39	92	20
64	58	76	54	10
16	63	82	62	20
79	28	19	25	96
72	98	97	34	27
92	16	60	80	65
99	37	11	10	62
14	12	54	53	64
92	93	73	75	29
88	46	75	91	66
10	35	37	77	50
76	68	76	20	36
48	74	63	21	73
86	29	20	34	22
99	23	81	98	96
52	85	68	36	63
18	49	61	84	91
34	92	100	40	86
16	52	83	79	23
74	81	74	27	38
60	78	82	49	36
67	38	58	83	37
91	77	33	17	50
12	78	74	12	65
30	22	24	50	11
53	51	26	60	31
66	67	44	94	92
33	46	92	55	36
30	26	57	54	75
39	87	28	60	39
98	95	65	76	41
93	97	55	14	54
84	58	64	25	62
83	34	57	100	84
68	55	15	75	60
27	75	43	36	90
82	30	84	24	39
81	34	95	35	84
18	29	52	88	63
50	24	49	89	92
71	54	30	89	51
26	90	48	73	90
91	31	99	14	27
16	90	51	66	73
99	87	35	82	89
86	73	98	23	38
64	41	72	35	74
32	99	51	81	13
99	75	35	74	31
74	54	54	37	59
42	93	53	61	42
75	32	88	78	68
47	45	64	80	77
25	75	74	53	98
14	41	47	65	49
37	94	63	78	25
59	83	64	93	59
16	93	23	48	49
87	13	84	88	14
56	45	19	15	95
80	12	99	11	84
72	43	42	14	16
78	26	74	82	87
82	79	79	55	64
82	87	93	72	73
54	55	43	35	80
41	54	23	79	94
40	96	32	79	26
50	30	74	16	93
83	56	93	97	85
76	19	87	18	38
78	13	89	51	32
17	96	44	24	87
75	76	85	11	93
55	30	52	65	62
100	100	57	55	98
36	42	25	95	58
63	53	47	42	53
99	45	22	54	22
21	86	27	99	68
75	76	86	81	74
92	86	28	71	78
40	83	61	76	67
33	56	37	97	36
69	47	24	47	60
11	41	76	72	59
87	20	69	11	25
82	16	74	64	92
47	94	41	20	39
51	38	85	26	76
34	46	37	45	88
42	26	15	13	61
73	10	67	66	27
100	61	15	13	32
58	39	52	39	18
94	24	81	35	38
32	76	12	97	68
35	12	60	14	52
68	58	85	16	61
95	53	54	61	29
55	88	97	63	56
94	32	24	94	74
79	19	40	83	78
59	89	73	45	38
69	63	89	100	39
68	52	92	67	68
14	77	28	56	76
91	66	60	84	62
72	84	57	15	75
16	51	51	100	43
60	22	79	53	13
31	76	12	30	69
69	34	60	16	54
53	75	30	81	83
22	12	76	38	42
39	36	77	79	44
86	88	23	97	79
74	18	72	82	52
61	73	71	91	73
49	31	67	58	41
39	12	77	38	91
71	24	94	93	67
55	51	30	74	69
14	16	56	29	93
86	80	58	95	86
15	13	53	100	97
58	66	33	31	49
41	10	89	33	91
100	96	44	41	88
85	42	29	18	16
19	10	11	20	40
11	21	70	99	76
81	82	98	20	26
49	50	70	95	35
58	29	86	72	43
90	90	43	26	98
76	42	66	69	13
69	57	31	19	69
38	79	31	50	84
19	65	13	79	54
14	31	73	42	56
17	49	19	82	24
60	22	100	57	70
14	96	95	86	16
11	96	64	92	90
68	16	20	78	25
29	69	61	68	31
91	43	83	42	61
27	50	43	32	44
65	68	11	31	99
74	46	67	51	79
88	16	82	47	37
14	94	85	72	53
50	50	69	31	92
24	81	50	91	66
33	37	84	30	35
65	57	25	20	39
69	13	71	24	79
60	28	90	94	100
42	32	82	97	96
97	35	30	45	79
73	72	95	90	59
95	36	61	100	48
58	69	37	34	50
89	95	65	69	95
31	67	95	10	72
80	38	91	69	78
91	17	18	68	79
19	12	71	43	70
17	35	66	60	30
59	62	31	74	15
26	23	25	75	88
27	39	74	27	95
63	62	15	62	59
41	43	64	10	74
48	75	91	28	14
62	67	26	17	30
98	56	67	24	29
100	29	38	67	84
13	45	34	42	100
51	22	69	97	56
91	84	80	74	65
54	67	62	31	70
34	33	97	51	51
60	57	28	99	92
32	22	55	37	97
27	66	75	84	48
39	91	72	92	13
31	10	52	73	60
37	73	36	100	80
14	13	66	38	44
90	62	33	35	32
68	30	42	46	41
47	46	49	40	87
67	61	27	47	90
60	11	72	39	35
57	18	42	10	90
27	75	89	39	35
29	21	80	93	28
29	42	32	75	34
67	52	17	44	31
27	30	37	62	40
62	19	28	16	82
14	13	78	99	98
89	84	35	85	48
98	68	60	80	49
42	100	28	73	32
60	19	43	22	91
19	75	99	19	21
18	51	14	18	42
31	63	88	54	36
39	82	55	75	42
27	18	17	61	65
61	74	93	78	48
74	51	61	52	58
35	89	60	92	33
22	49	69	91	70
19	55	18	75	66
49	81	12	91	15
22	53	47	25	12
93	43	29	37	73
81	88	56	48	81
75	15	18	92	63
85	12	85	11	13
64	77	69	24	16
73	97	95	76	74
38	29	58	22	97
78	46	96	10	38
30	15	52	10	11
24	41	90	84	60
20	10	35	24	50
70	91	89	72	45
31	98	78	13	79
98	55	14	46	51
61	21	98	24	61
48	69	38	56	31
45	97	15	26	73
18	100	43	78	21
83	30	27	58	88
67	25	96	76	13
46	34	45	42	39
48	99	15	93	78
90	77	40	55	94
76	10	81	83	59
40	54	62	31	69
16	88	33	20	26
84	98	26	75	78
94	24	52	71	23
56	82	63	36	90
100	31	77	29	40
61	66	62	33	81
62	93	85	56	28
30	88	22	65	12
31	30	17	39	21
12	88	81	94	21
45	44	92	10	17
73	98	39	72	37
17	24	74	56	35
29	86	60	12	71
18	28	82	34	79
91	70	30	68	90
35	19	73	92	39
29	35	30	50	93
19	15	53	74	19
13	20	18	79	30
38	35	62	77	37
21	35	20	50	39
90	61	90	56	19
84	25	64	79	86
62	74	51	45	52
84	58	51	24	27
55	90	38	62	18
40	50	57	98	60
25	70	22	39	58
31	66	12	75	83
18	87	50	95	63
58	50	96	25	31
29	52	38	34	52
88	97	61	74	37
50	16	75	100	79
66	84	75	60	25
14	87	11	62	38
32	41	26	67	43
21	75	99	87	57
15	72	27	33	60
33	61	55	41	81
61	44	19	30	19
50	47	70	35	68
95	74	95	71	94
62	83	45	75	77
94	24	67	43	93
78	52	92	52	74
24	72	17	28	80
90	74	51	44	90
23	34	43	100	37
16	48	38	47	32
17	56	72	38	67
73	36	63	18	48
86	92	92	48	88
94	66	51	74	91
32	43	57	38	38
68	43	47	67	72
68	17	71	13	61
17	14	53	50	58
54	45	23	32	61
97	44	75	94	66
73	100	74	79	27
91	37	31	78	12
18	98	26	14	43
11	96	29	24	67
27	13	71	57	88
24	56	30	84	35
60	81	43	81	33
25	35	65	29	85
83	96	21	11	59
87	27	40	100	73
48	81	97	19	68
37	33	91	78	80
29	28	56	21	84
97	78	66	39	40
81	67	93	63	82
19	94	35	72	16
33	15	44	47	93
26	78	16	23	94
50	54	55	87	12
64	69	44	61	72
27	99	76	89	47
81	73	44	58	24
34	80	92	57	69
36	23	87	92	41
15	58	27	52	85
74	43	96	61	15
27	63	89	40	73
51	65	71	57	12
95	51	34	69	72
19	87	72	64	55
58	50	24	54	13
98	34	39	81	71
62	69	50	28	51
83	40	83	24	11
76	24	84	86	62
49	37	75	52	56
23	24	40	90	91
12	13	40	57	89
57	94	11	39	53
66	77	63	48	90
53	61	19	73	46
87	66	28	10	32
94	39	84	10	45
50	67	30	12	86
61	64	83	85	76
63	87	23	36	19
54	17	78	67	88
14	63	69	76	17
57	61	29	49	76
37	45	25	59	32
22	81	85	42	41
76	75	86	74	37
54	79	54	89	37
18	36	94	56	42
11	27	56	11	53
20	83	60	79	84
45	25	100	100	87
56	62	18	37	53
41	81	94	78	22
66	44	90	92	71
52	46	86	40	42
67	60	86	38	61
57	42	87	98	19
22	28	87	46	49
67	95	66	42	79
23	60	94	95	12
18	73	52	83	68
17	99	41	23	45
13	27	75	34	59
54	17	27	73	12
82	91	57	65	39
49	47	97	46	28
21	72	84	96	13
73	95	39	42	17
90	24	50	43	97
93	57	79	82	39
55	63	41	59	49
83	23	60	18	60
61	69	26	59	35
75	48	10	81	26
94	39	37	18	84
78	10	52	46	49
88	31	45	69	86
48	23	51	66	77
62	78	95	51	49
72	22	18	64	49
38	99	98	90	25
55	91	90	42	94
70	47	98	58	44
68	23	14	65	99
29	18	63	36	31
90	20	63	17	64
10	37	15	58	75
50	30	15	44	46
37	26	70	70	72
65	52	76	47	32
93	52	88	19	72
29	46	91	31	83
93	47	63	55	90
40	90	60	23	16
50	79	40	33	69
15	98	61	90	66
25	71	90	91	38
65	93	15	67	74
84	100	57	27	84
48	95	91	83	47
56	89	15	23	57
37	69	45	23	86
60	26	52	54	33
50	42	42	77	87
74	27	65	71	25
84	97	21	42	100
25	90	84	42	57
86	94	36	32	69
89	53	83	58	19
27	11	53	39	33
75	33	33	87	15
92	88	83	99	90
35	94	16	25	25
96	78	75	73	54
85	35	45	14	32
20	78	93	37	57
72	45	12	65	24
75	85	82	10	98
24	61	35	96	51
49	25	94	99	86
25	96	87	62	32
49	10	51	94	21
75	29	69	49	56
42	95	85	26	55
38	92	31	43	40
11	100	55	67	20
31	48	23	95	13
83	54	67	45	15
29	86	24	32	67
60	81	10	51	63
38	45	31	27	74
31	70	93	62	84
58	71	67	19	51
85	71	74	36	74
73	54	22	71	37
72	78	39	67	83
36	98	31	94	57
92	96	40	50	23
48	44	43	56	20
31	66	26	47	37
31	82	27	93	12
50	22	52	93	61
87	18	15	55	60
86	11	83	80	30
22	97	72	58	52
77	80	84	35	28
74	60	14	98	66
84	96	22	40	36
75	76	76	85	61
15	99	78	11	23
53	19	39	51	89
97	27	25	16	80
73	10	23	60	52
18	48	72	98	60
48	24	98	76	54
45	85	91	40	76
41	41	78	100	90
13	53	14	87	55
11	25	22	71	21
87	20	70	48	48
85	50	33	65	90
31	52	40	63	81
11	10	44	87	66
10	58	68	60	92
85	12	77	16	44
39	65	81	39	85
93	23	22	13	26
48	81	36	69	94
100	59	74	63	34
84	27	68	95	15
80	23	24	31	61
96	82	33	65	56
30	50	22	10	61
49	51	76	48	91
50	36	60	56	15
21	67	68	54	21
13	32	59	88	23
80	70	26	100	75
65	25	46	56	32
58	98	39	73	95
41	46	90	87	34
85	48	74	75	21
100	24	87	33	72
61	65	67	30	53
48	69	97	34	95
12	72	69	34	70
66	90	14	52	100
38	56	16	65	18
93	63	71	40	43
42	30	79	62	69
79	42	24	68	23
48	50	30	33	39
99	21	78	51	50
47	32	95	75	46
82	75	89	100	63
37	16	64	11	17
28	30	49	40	34
14	25	40	77	28
91	85	64	59	42
77	28	15	43	54
64	25	59	31	32
49	59	58	17	14
91	10	15	63	80
89	87	65	34	100
17	11	89	38	72
54	24	23	91	67
17	81	87	79	52
96	74	99	42	86
78	67	51	22	60
20	77	59	45	73
49	99	54	24	97
36	50	97	24	87
99	23	81	65	46
18	77	85	55	92
69	29	17	91	64
22	90	43	76	60
12	89	23	80	57
36	20	55	59	23
21	90	14	58	40
72	73	87	83	93
22	59	16	47	15
96	10	12	18	92
87	79	37	99	13
81	82	72	49	92
42	54	99	20	45
67	87	55	75	14
78	10	100	90	16
95	49	98	21	28
57	41	85	45	25
41	90	65	74	98
79	72	34	57	35
19	21	37	12	87
18	86	92	96	13
86	51	14	12	35
74	17	84	45	69
66	97	46	23	47
35	94	31	17	79
82	26	29	51	57
69	49	60	55	27
40	12	26	89	35
76	13	64	77	38
13	55	88	55	61
16	64	88	50	72
97	48	84	59	83
57	39	11	93	56
90	41	79	22	60
24	54	27	67	15
11	27	38	90	44
51	28	76	62	86
55	83	59	29	15
28	100	30	17	39
32	38	99	73	69
38	10	35	46	83
80	11	73	81	49
50	85	22	91	43
67	40	24	66	81
21	26	25	66	15
64	19	65	71	45
89	56	10	57	10
46	20	80	14	18
66	17	75	97	95
45	72	27	60	55
11	31	45	81	44
67	63	57	58	53
80	21	94	44	98
19	48	92	72	98
63	11	41	14	49
90	33	53	44	93
89	42	92	88	19
22	68	90	56	24
13	13	89	93	79
18	72	44	25	21
87	54	29	74	95
24	88	33	68	35
64	60	42	77	75
76	26	45	67	79
80	69	69	89	14
38	30	81	19	30
65	63	86	80	100
35	98	65	74	16
10	94	92	96	85
55	17	44	18	31
79	39	47	45	74
71	85	47	26	45
60	12	44	72	51
74	99	16	12	96
48	93	95	82	29
10	23	24	43	39
20	29	18	60	91
85	77	49	55	100
92	20	71	60	10
74	49	76	36	81
70	18	60	52	37
13	73	87	94	37
18	18	50	95	59
15	66	35	38	48
33	16	26	43	93
19	18	89	20	19
85	34	98	48	65
63	48	47	60	58
47	89	22	75	16
93	18	69	34	73
91	84	84	56	66
31	35	22	16	32
60	27	25	88	25
22	62	98	58	75
53	45	63	50	61
15	41	53	72	54
25	43	89	44	73
83	75	96	42	93
12	33	100	67	93
81	12	70	62	97
84	74	37	49	57
92	21	90	97	68
69	76	34	96	68
60	83	23	49	16
80	84	75	39	16
18	52	35	50	36
93	15	89	20	70
26	46	97	79	52
48	99	43	42	12
79	85	19	72	23
51	38	46	69	85
70	16	22	98	42
68	99	12	58	55
86	98	51	37	22
17	13	46	14	37
64	96	89	79	24
82	100	40	23	73
57	34	81	18	86
16	46	86	37	57
22	85	90	89	62
99	74	68	51	82
76	13	82	56	70
70	26	50	100	93
24	20	44	79	31
77	38	57	78	47
28	86	31	67	77
67	59	60	27	40
25	78	69	37	88
60	33	62	14	26
53	39	90	53	12
13	42	35	95	90
89	98	25	61	34
16	38	82	48	21
31	26	53	92	39
36	65	28	10	80
72	62	20	56	16
17	91	64	24	88
63	91	97	23	17
73	94	14	51	27
100	57	98	52	76
92	47	23	46	19
71	86	39	30	22
65	73	98	67	70
50	84	41	66	100
44	40	14	82	56
37	61	63	86	18
51	99	31	47	92
78	23	71	67	54
63	71	54	30	95
73	43	43	96	33
66	100	76	86	53
26	97	12	37	43
28	89	50	91	46
46	82	90	71	46
27	20	93	93	90
83	64	43	71	29
65	57	88	29	76
81	90	55	57	97
50	43	38	76	14
96	82	68	22	76
73	76	62	44	63
77	85	98	53	61
94	32	79	75	37
55	10	89	46	30
86	96	97	34	23
28	55	91	90	20
48	50	83	71	40
22	96	35	35	19
49	19	14	56	33
46	91	96	38	69
83	13	89	49	48
12	47	26	40	33
96	39	30	10	64
89	14	58	73	64
26	30	22	67	88
83	59	76	68	86
78	51	77	74	68
40	78	98	88	49
48	13	16	84	33
38	33	33	62	97
82	45	13	55	14
46	33	29	29	41
48	84	42	61	67
12	68	39	100	99
66	18	42	66	22
28	51	99	41	20
51	90	20	51	19
33	95	77	86	39
94	17	79	40	28
75	78	77	12	67
60	80	96	42	79
20	100	29	18	73
47	19	44	62	11
37	20	63	65	85
45	99	94	44	95
37	100	66	68	93
16	95	63	74	16
25	42	46	19	20
90	100	14	74	85
73	98	31	29	24
28	89	99	87	22
88	62	21	22	45
22	40	54	40	13
87	71	65	51	17
11	60	37	64	81
21	98	48	69	67
52	80	52	98	71
12	74	62	52	56
71	33	90	76	28
41	59	39	79	91
58	67	100	86	71
44	78	66	66	66
37	39	79	27	51
79	39	82	20	100
33	100	26	63	27
64	43	73	89	36
80	97	61	58	68
36	35	91	80	25
24	40	59	69	33
10	16	76	96	47
23	99	84	62	27
49	23	96	75	32
10	30	95	87	11
80	98	67	15	48
71	17	96	39	48
12	86	53	100	21
94	21	38	52	68
22	16	17	75	12
78	95	29	45	38
57	89	97	51	63
70	12	86	51	34
25	71	85	30	99
65	27	88	69	56
36	23	37	93	86
46	12	16	74	64
50	57	99	21	60
12	63	87	74	30
78	15	28	74	96
38	99	26	86	46
33	79	100	83	21
48	48	40	76	19
77	42	30	82	37
64	75	54	77	38
26	67	57	19	42
39	97	69	30	90
14	22	67	78	62
42	27	53	93	16
97	68	36	25	50
27	98	65	54	43
97	15	86	43	99
33	53	94	26	51
17	13	31	69	80
57	18	51	87	30
51	75	64	72	57
93	47	37	79	73
13	13	45	31	77
13	19	41	68	96
64	36	15	73	52
89	96	42	69	67
77	86	34	25	62
32	78	29	25	58
34	88	81	20	27
46	45	39	18	81
26	14	31	72	86
92	69	98	43	93
36	92	12	13	82
45	91	62	67	13
61	13	39	77	67
43	50	87	25	71
55	52	65	81	42
66	13	96	62	88
13	25	32	48	80
43	100	79	40	14
53	69	14	98	54
66	78	98	10	48
72	34	35	75	97
31	41	68	70	29
17	39	82	48	90
23	44	18	62	59
39	48	81	32	83
39	81	46	30	14
29	94	46	66	98
33	36	72	11	55
89	37	47	36	70
15	90	13	76	33
53	35	64	42	71
83	74	19	92	90
90	52	71	93	53
44	86	14	12	19
78	61	24	10	77
47	71	52	61	44
52	70	69	71	41
68	82	67	96	54
87	63	84	41	81
11	94	50	78	10
22	24	70	98	28
44	42	28	79	95
71	27	34	49	52
30	51	86	33	81
71	26	27	38	10
62	18	73	50	51
35	56	86	18	89
63	98	87	90	93
22	87	20	50	84
87	76	81	12	95
69	27	34	40	29
92	20	11	72	23
30	68	61	14	93
33	38	78	84	34
87	72	77	61	100
94	69	34	52	34
84	21	79	59	75
78	55	100	76	82
28	81	78	64	31
47	47	45	91	95
32	48	95	90	65
48	40	36	79	49
67	45	74	31	43
45	79	20	97	40
97	88	54	62	81
52	21	88	82	67
50	19	38	20	76
62	10	70	68	22
51	41	20	35	94
39	41	41	42	64
26	12	96	29	32
94	18	70	91	43
27	93	26	34	40
69	100	16	47	11
27	76	26	58	67
98	100	35	99	18
74	16	22	27	66
86	54	12	67	77
76	95	16	81	97
87	42	61	23	53
78	44	68	88	89
36	69	84	70	83
22	70	15	75	92
40	71	94	50	58
36	12	40	93	53
44	92	66	31	60
15	28	60	79	20
24	80	55	92	45
23	36	32	23	35
32	23	53	29	76
18	46	16	33	68
32	79	30	56	78
91	90	20	29	10
48	77	74	59	17
76	90	29	77	65
74	17	11	86	76
87	71	33	93	90
84	47	57	66	53
43	83	65	62	53
27	65	27	55	13
96	64	90	62	50
100	42	82	93	45
93	15	77	18	40
53	64	19	15	98
34	49	11	37	37
56	44	58	34	62
42	66	46	95	74
11	72	85	80	34
89	14	23	58	98
53	20	14	15	53
44	59	80	16	55
15	51	63	57	60
31	14	66	86	88
60	33	88	76	33
14	94	91	99	84
66	45	33	33	88
73	93	66	12	93
78	78	57	73	21
71	84	92	57	95
94	73	38	70	81
77	19	10	25	13
18	90	63	82	78
57	32	39	40	78
67	91	34	42	37
23	25	45	91	30
65	10	57	11	36
75	74	73	83	90
85	28	96	72	68
59	73	53	42	65
55	48	43	21	62
93	60	27	71	15
44	65	79	58	71
93	27	47	14	28
97	72	56	69	13
77	94	11	26	39
100	43	26	79	97
41	58	28	56	82
80	75	45	31	88
26	38	90	69	19
98	98	30	93	71
44	46	83	47	44
84	53	20	92	34
56	75	52	73	66
11	29	33	57	23
42	53	28	47	28
62	30	61	96	86
17	96	67	98	69
21	91	49	59	14
22	51	64	24	12
42	67	72	52	85
52	33	78	35	29
42	70	18	65	55
55	56	46	60	79
17	11	63	27	81
74	78	96	58	97
19	51	35	11	88
44	98	51	78	36
80	65	48	42	98
93	62	23	73	58
67	53	34	87	35
92	77	13	43	67
91	94	18	95	76
44	94	18	59	66
69	44	43	56	13
33	97	28	17	50
24	82	19	38	13
75	76	11	93	39
16	62	30	24	20
57	79	36	51	78
71	48	65	40	40
35	57	64	66	78
59	27	69	69	20
56	94	26	59	16
56	91	60	36	54
29	85	64	36	37
59	71	32	94	72
61	31	67	47	94
14	89	56	98	40
49	100	62	94	65
72	65	95	77	60
44	30	43	49	100
76	84	77	55	72
61	70	26	19	49
83	68	65	94	22
10	22	50	60	21
78	12	70	51	43
71	39	23	11	62
67	100	10	51	59
38	14	20	91	13
95	53	85	51	59
43	62	43	60	85
44	74	69	85	43
94	87	94	25	36
55	57	75	92	40
71	25	25	35	14
38	50	36	87	76
72	69	33	36	18
52	79	15	57	87
93	26	85	10	43
46	30	65	41	25
60	29	93	86	76
89	55	20	58	34
62	89	40	23	69
29	44	54	78	36
14	27	14	66	89
54	22	77	66	60
70	83	59	45	32
92	29	23	52	20
40	28	75	54	80
95	46	27	63	41
61	37	39	69	11
20	59	73	53	36
81	74	45	27	58
41	66	49	62	51
73	47	97	33	95
74	54	47	15	17
57	46	20	55	54
15	16	45	55	25
22	21	20	27	75
66	31	53	12	68
15	51	16	30	15
86	77	38	64	62
91	87	52	66	51
36	16	29	81	65
88	39	10	41	44
97	74	52	12	75
60	44	57	58	22
95	74	85	16	80
34	50	28	46	50
29	50	17	23	18
44	46	99	24	26
99	73	78	70	62
23	79	42	35	50
95	78	61	63	54
85	25	76	11	100
61	63	95	86	46
45	59	55	58	81
57	22	74	50	86
71	44	59	25	55
24	53	99	11	67
77	89	25	30	41
54	43	24	38	88
82	51	72	28	84
48	13	94	98	50
15	64	69	59	44
82	82	73	81	99
13	11	93	100	57
74	80	88	95	89
73	47	32	35	67
67	16	86	75	66
50	25	60	68	63
73	74	57	70	57
78	76	94	54	25
65	47	51	91	66
78	20	69	21	20
10	68	67	11	71
18	22	21	61	67
74	21	11	89	92
35	51	85	49	61
92	57	60	94	45
95	73	77	26	53
88	17	62	29	45
99	75	84	48	25
100	93	20	20	65
77	78	71	70	17
30	78	67	36	24
76	63	69	54	12
15	100	26	53	32
11	82	48	81	46
57	73	24	54	66
73	11	66	28	73
49	89	86	67	60
89	46	11	93	99
90	95	63	68	98
36	74	32	12	32
81	44	42	19	54
33	54	15	97	36
65	71	11	55	39
76	23	89	73	46
34	76	16	55	48
39	27	18	71	89
58	100	28	22	52
29	41	41	62	91
85	21	41	67	79
96	61	13	25	70
59	17	100	97	10
44	30	13	98	18
53	41	99	31	42
34	28	99	24	21
31	42	20	72	100
27	90	14	29	62
40	31	11	13	40
18	71	26	88	48
37	94	86	65	67
39	80	100	14	76
87	85	19	38	40
41	84	16	60	12
71	41	11	32	66
32	10	18	88	51
67	66	63	76	60
28	29	76	21	14
41	43	79	45	46
20	87	11	29	81
63	72	31	78	71
45	80	98	63	82
19	56	77	49	56
87	87	52	36	47
35	88	78	41	81
80	63	27	24	44
68	86	43	65	74
93	70	66	55	58
84	53	91	46	24
27	84	65	12	56
35	83	82	43	51
78	14	83	49	83
60	80	34	45	58
82	29	11	70	98
52	83	25	64	41
27	90	42	20	16
88	55	25	44	97
38	14	44	81	73
80	64	32	61	61
62	63	42	67	63
46	73	36	93	53
44	85	95	23	35
83	45	60	86	82
41	38	12	53	41
62	25	26	14	49
17	93	43	26	35
60	12	14	77	14
89	58	97	13	32
35	70	26	12	12
49	46	89	74	33
86	41	49	54	36
65	44	31	100	27
40	20	39	17	66
92	51	13	24	88
32	81	53	45	26
73	65	51	93	49
16	14	61	96	46
56	86	67	99	57
89	52	85	44	19
97	72	86	22	24
37	62	89	57	51
98	42	59	15	84
66	22	23	99	18
71	99	20	22	22
28	26	99	51	14
63	13	95	24	87
39	15	29	45	13
76	65	88	16	71
13	15	74	41	39
36	23	70	97	71
83	85	52	100	40
12	69	91	34	92
44	58	54	43	68
12	37	77	83	30
81	34	74	96	93
84	71	47	47	17
16	49	14	18	84
96	97	52	73	79
12	40	70	62	63
85	32	60	14	31
74	54	54	15	88
75	35	27	74	27
33	96	90	96	52
56	95	73	75	16
12	37	85	77	24
15	95	83	73	75
27	90	23	61	51
78	48	98	10	88
67	50	95	10	99
12	29	73	22	88
72	17	27	75	98
99	87	94	15	43
28	41	86	97	38
70	47	12	32	80
50	60	32	69	26
12	18	81	95	81
22	11	72	73	94
86	63	47	75	50
96	26	57	37	55
79	36	33	73	26
93	32	13	49	99
38	88	34	62	55
17	20	97	83	58
68	50	12	92	29
54	62	72	54	94
90	10	98	31	95
95	89	55	73	68
99	92	44	33	42
60	65	52	77	56
54	74	45	54	40
50	71	94	75	51
12	45	87	46	74
71	87	44	88	53
84	31	38	59	20
34	86	84	100	56
40	84	77	75	69
39	94	49	68	28
14	12	70	55	98
72	76	18	22	64
61	52	65	15	32
36	77	37	37	52
68	78	52	54	69
54	11	11	76	72
20	82	86	20	69
24	61	50	45	53
75	40	63	26	45
67	99	22	31	73
49	94	31	43	51
75	41	87	67	83
16	45	66	97	19
28	61	78	54	93
92	54	14	98	26
62	38	86	88	59
97	56	73	32	61
92	14	84	52	21
36	18	92	25	13
80	83	77	92	45
65	53	77	59	86
49	96	100	79	20
37	49	32	79	85
11	77	11	60	60
88	81	99	14	14
32	45	87	43	16
42	99	14	59	56
93	75	24	81	76
43	72	73	76	90
93	78	65	11	23
61	31	68	45	69
38	70	12	94	80
90	16	100	63	67
58	55	91	99	10
62	13	75	27	15
32	23	75	10	27
26	58	99	58	32
75	54	13	70	84
79	62	93	86	29
18	95	59	34	65
91	37	85	40	94
15	38	41	47	10
10	60	76	63	16
29	91	33	27	65
74	15	16	77	84
97	80	29	45	96
16	60	72	62	24
45	16	51	96	77
23	67	22	25	82
50	43	74	16	89
35	47	48	59	60
23	92	68	32	62
92	76	32	75	71
76	26	96	21	81
64	36	82	47	10
68	19	12	28	50
92	20	72	33	60
18	74	40	66	73
57	57	92	80	100
27	89	51	44	54
53	15	50	89	53
89	10	87	63	22
41	38	90	59	40
99	92	35	28	94
43	52	79	92	47
70	65	52	22	38
41	42	27	91	46
58	50	94	41	75
35	73	41	51	41
94	35	98	36	31
54	69	45	62	82
89	72	20	47	10
33	33	75	15	12
87	14	80	78	95
88	61	94	24	71
62	98	21	65	46
19	11	83	98	21
68	10	17	18	54
29	25	60	26	10
26	98	10	22	55
29	79	97	35	94
58	36	85	87	25
32	48	82	25	70
47	89	58	28	68
55	84	99	85	14
37	13	56	24	35
59	84	51	15	52
15	83	65	53	10
11	89	67	45	66
36	34	38	100	67
23	31	48	63	58
46	23	60	19	89
95	18	41	71	64
44	89	23	56	90
89	46	13	94	62
61	54	51	46	95
90	49	29	38	94
52	15	61	63	59
66	45	11	62	86
24	64	95	86	100
81	31	55	93	92
63	14	46	41	60
97	80	81	44	63
61	17	21	97	96
47	91	98	20	30
34	30	21	90	21
14	89	85	70	27
13	22	73	85	26
89	54	100	41	41
39	61	19	67	42
64	40	36	45	11
45	80	94	15	29
60	57	59	91	96
20	90	97	21	17
49	35	58	35	26
79	68	19	30	78
47	31	81	33	57
100	61	23	53	22
33	10	27	44	87
58	12	51	17	49
84	23	45	76	35
62	45	49	43	72
20	43	94	86	69
75	33	23	38	37
91	53	80	47	74
92	44	66	66	57
47	83	72	12	23
55	38	39	67	45
99	95	60	82	36
42	76	31	21	30
75	83	72	25	16
13	98	55	67	79
26	27	65	25	47
55	81	79	76	27
61	66	88	50	59
99	32	21	74	11
84	33	95	100	45
84	88	44	95	90
15	32	87	34	16
14	68	96	90	95
54	94	15	17	96
71	13	19	75	82
82	39	27	78	80
89	99	38	41	77
47	63	52	60	73
10	49	97	75	12
30	73	28	16	69
63	46	72	14	82
98	76	64	96	52
85	68	55	80	100
58	85	46	53	48
62	93	97	19	70
88	49	72	24	87
34	14	23	71	88
45	40	24	41	54
73	63	52	11	96
20	14	35	10	49
100	77	72	60	61
91	37	60	97	62
68	11	94	83	41
99	38	69	38	97
10	67	90	29	80
56	69	79	84	50
60	70	63	66	90
36	56	54	54	76
96	51	69	39	43
28	71	48	15	81
56	72	99	91	22
90	73	55	87	14
30	79	33	100	80
84	95	82	60	79
76	75	45	35	20
21	74	99	40	68
99	51	63	61	22
37	62	29	72	10
23	58	32	79	90
22	32	69	55	85
30	63	49	96	15
70	71	12	32	18
83	24	22	94	60
19	57	100	21	46
77	44	31	58	94
30	91	49	83	74
89	88	74	10	94
72	20	92	41	13
79	64	32	16	65
97	49	83	73	55
34	15	33	83	38
27	100	20	50	100
81	49	48	31	25
45	58	55	84	28
39	77	78	63	96
32	100	86	24	70
44	81	63	53	87
22	49	96	12	26
32	89	52	37	55
19	34	96	42	57
45	67	56	56	61
30	72	61	88	89
20	56	50	53	47
100	60	91	49	25
35	29	70	78	13
93	78	83	84	17
69	100	57	82	60
15	51	24	36	71
24	23	11	82	54
67	61	23	98	52
22	38	46	30	81
48	56	21	67	92
69	18	58	82	71
23	83	12	43	52
45	93	79	52	60
16	43	82	56	93
47	48	67	36	97
39	20	50	72	23
45	32	17	19	63
45	13	14	84	40
36	82	95	58	29
48	88	60	36	91
77	11	59	74	78
95	81	46	100	63
74	13	67	99	50
11	37	87	26	66
87	75	23	88	27
50	34	100	29	55
82	58	83	87	55
74	45	100	72	55
74	55	69	60	88
38	37	50	56	89
33	15	49	26	36
93	71	74	17	14
70	37	60	44	25
65	97	92	20	86
88	42	84	83	92
81	87	78	10	18
93	29	75	86	46
16	85	10	89	50
93	96	69	15	46
27	45	88	82	47
18	72	80	74	20
88	34	71	84	54
13	88	83	89	47
10	54	64	57	31
50	77	32	76	55
79	78	76	51	97
44	86	94	49	88
10	25	69	35	99
29	22	100	50	95
32	64	69	33	44
43	31	96	54	42
67	11	98	43	36
45	89	97	41	65
54	69	33	22	17
70	49	86	92	99
90	71	89	56	79
63	21	71	79	18
50	78	49	14	50
72	76	27	75	76
66	73	99	51	59
13	64	79	93	41
32	32	14	43	38
70	24	24	18	86
83	73	79	73	74
45	63	36	39	75
30	44	67	87	11
33	95	45	33	75
17	30	54	28	92
84	65	60	83	96
65	50	93	97	34
18	64	10	77	64
76	55	65	27	66
12	12	17	91	94
52	98	82	19	52
41	25	64	27	12
46	53	16	30	80
64	99	73	57	43
95	41	91	37	66
71	16	81	15	81
68	65	86	62	71
70	47	47	98	71
24	98	14	24	17
27	61	50	14	79
16	73	47	70	49
16	64	39	77	96
72	25	84	31	41
49	69	68	41	14
73	11	79	85	13
55	77	68	72	13
70	93	25	42	76
76	39	96	21	10
37	66	48	39	28
41	52	27	96	85
90	40	64	89	36
90	79	37	25	90
58	43	78	40	68
29	52	20	94	30
52	85	93	90	20
82	58	51	20	54
93	78	44	98	47
48	19	46	33	21
41	31	26	44	12
11	22	40	68	55
65	47	29	80	33
42	67	10	66	70
86	95	90	77	89
26	51	72	82	47
35	91	60	75	60
31	97	56	48	17
18	58	15	45	55
80	29	59	61	27
15	33	54	15	25
77	19	36	54	88
15	26	93	72	46
64	83	75	65	64
42	75	80	85	17
71	91	89	34	78
97	74	49	70	93
56	87	80	31	39
76	45	43	35	28
60	45	78	23	84
77	54	66	18	61
39	11	40	76	88
61	60	35	85	52
84	42	74	77	45
37	98	40	84	46
77	86	40	23	93
41	85	32	43	25
70	72	61	20	57
49	94	55	12	57
55	26	24	98	68
32	38	28	56	94
38	71	100	11	40
47	45	73	83	83
15	63	12	20	72
48	80	50	91	17
58	13	76	10	21
58	22	86	44	16
81	40	41	75	61
10	19	77	94	94
90	77	93	58	81
34	68	49	86	18
82	56	58	55	59
18	35	61	100	35
90	43	96	45	25
95	11	24	25	83
48	73	35	27	32
60	95	34	54	61
27	14	99	77	83
94	61	13	39	15
31	18	34	45	66
49	16	21	79	48
95	32	46	12	63
90	22	77	27	47
90	59	35	14	37
49	68	40	31	68
63	78	22	24	69
77	19	38	36	60
99	38	94	20	10
25	20	58	95	69
12	74	41	86	49
53	72	88	44	57
28	23	22	77	54
10	93	46	47	73
34	37	55	11	76
11	18	40	36	88
81	77	91	21	67
10	10	99	16	34
10	15	14	67	15
19	17	97	27	45
53	52	23	93	64
59	24	94	13	28
83	32	90	64	94
33	51	87	49	38
90	29	57	52	12
18	75	38	56	100
77	57	65	56	86
71	38	78	49	91
37	17	62	56	98
70	93	55	44	72
47	55	92	87	72
39	12	66	54	80
54	77	35	63	93
99	26	67	58	41
70	66	28	89	39
81	48	96	77	75
98	10	88	98	46
62	19	82	50	64
73	41	72	64	69
98	100	28	34	96
53	10	96	76	33
51	92	96	71	44
96	88	18	87	46
65	34	79	29	68
48	74	89	69	21
76	62	48	21	57
23	100	47	76	58
44	46	19	61	64
94	13	98	30	69
95	31	78	98	53
63	28	85	40	57
74	32	95	49	92
40	20	89	19	93
21	13	91	23	22
78	78	32	54	50
98	69	83	51	21
96	11	82	98	75
20	51	45	56	48
74	25	98	25	41
53	87	64	66	57
48	89	70	49	18
36	28	24	75	62
13	13	74	79	65
68	96	54	12	61
90	18	37	27	44
27	52	36	53	23
53	45	36	62	80
30	61	14	39	28
62	81	10	15	77
100	79	58	33	34
56	49	68	81	76
86	88	77	88	83
23	38	19	86	49
41	25	36	88	67
34	52	50	96	61
73	65	46	16	19
65	75	71	90	76
78	38	66	13	25
84	11	99	84	74
37	78	83	53	100
33	11	96	31	32
43	91	99	69	51
77	38	51	60	13
67	54	88	49	29
79	28	22	97	20
19	46	15	53	97
89	40	89	76	28
25	60	32	77	90
69	54	60	54	20
10	92	57	74	75
62	49	60	61	93
82	86	28	16	72
35	74	18	44	97
88	53	64	47	40
52	19	21	92	20
87	73	22	23	50
82	10	83	46	17
30	74	43	33	92
52	58	68	59	86
76	87	99	72	58
13	97	25	18	73
73	94	99	36	43
45	72	93	33	28
48	11	12	74	71
11	32	26	93	79
80	65	62	85	46
16	28	65	85	61
29	83	42	12	49
54	50	46	85	25
69	44	79	67	36
27	61	31	26	54
61	22	45	35	81
55	25	98	22	86
24	93	30	26	50
64	15	54	22	52
48	39	42	43	21
74	22	50	52	60
25	95	52	27	21
89	83	56	51	43
67	60	87	57	83
84	93	85	88	92
81	56	32	74	70
34	38	54	66	89
18	12	14	40	63
13	59	69	31	10
75	85	38	79	44
53	51	16	52	80
56	30	64	37	80
76	56	51	11	56
56	11	91	58	60
41	51	90	18	45
72	70	63	21	48
95	61	82	78	61
60	37	32	36	95
31	62	17	66	71
38	36	40	99	80
71	35	61	50	40
52	54	21	88	37
38	28	65	63	71
16	56	51	42	98
74	66	43	21	72
47	62	29	20	89
93	43	58	27	69
52	23	47	99	74
34	43	56	81	36
99	27	81	82	44
46	38	25	39	10
18	34	75	66	66
59	39	36	87	86
32	69	26	52	94
83	53	36	82	64
73	76	29	85	61
16	29	81	61	46
12	89	10	11	78
46	69	42	61	21
66	24	62	94	70
19	80	55	60	91
35	39	43	12	71
75	11	60	82	34
71	24	94	20	38
88	57	22	55	15
38	94	97	73	45
70	91	22	55	48
78	86	42	83	21
86	60	42	70	39
53	85	30	27	89
65	72	34	10	71
68	42	68	53	100
58	51	99	45	23
54	93	80	59	27
96	89	73	48	52
65	76	59	37	88
80	69	52	28	11
14	30	85	95	75
85	100	73	33	50
23	66	52	72	29
44	83	30	59	90
88	59	16	69	77
28	10	97	10	36
99	42	31	91	60
19	80	46	28	61
10	45	11	79	16
26	24	42	57	66
32	11	87	22	13
41	70	48	11	91
44	17	88	100	34
22	34	96	71	83
73	11	41	47	63
87	15	49	15	92
32	95	55	73	33
35	31	11	86	83
70	42	56	12	10
85	14	77	66	48
48	77	41	42	76
65	34	68	94	50
97	56	91	33	96
30	86	97	53	80
14	84	83	29	40
63	50	80	49	55
46	57	62	91	94
99	54	67	79	10
74	59	80	29	54
25	26	98	26	46
96	79	44	47	98
61	22	17	57	91
38	50	72	36	35
50	16	77	32	30
44	90	27	62	70
95	51	15	34	51
95	20	95	72	18
64	69	71	50	32
38	28	33	96	64
16	66	17	89	56
64	50	98	59	74
48	91	40	51	35
78	53	43	11	61
24	97	30	42	40
81	29	27	97	33
69	35	28	37	57
55	85	73	18	45
98	28	48	57	63
24	79	35	42	29
58	94	93	36	15
30	73	71	32	16
41	86	96	62	55
67	83	71	87	86
17	84	71	35	36
37	61	64	15	57
61	66	27	71	44
16	22	62	11	38
90	62	21	99	90
60	76	62	59	87
38	39	97	42	100
37	83	71	23	37
54	85	48	13	53
23	68	41	65	14
37	11	39	86	30
83	67	40	56	51
19	91	45	31	88
11	45	79	31	86
45	48	49	15	45
27	35	81	77	81
26	53	23	14	33
16	73	56	23	16
57	39	57	19	88
29	46	73	71	24
22	87	73	48	71
94	96	13	24	15
58	93	95	54	12
83	78	79	51	70
65	80	48	49	55
28	26	16	20	59
33	73	95	93	67
15	82	52	31	67
95	24	91	29	54
63	80	33	12	42
72	51	75	99	20
53	78	96	78	81
44	28	61	74	16
11	60	28	92	20
100	79	67	54	96
77	81	58	31	87
35	82	28	76	69
15	36	78	50	63
94	29	97	34	18
100	64	69	44	78
75	92	61	98	25
83	48	43	70	61
22	98	66	19	88
76	95	20	72	67
27	22	29	26	43
88	79	52	36	13
80	100	26	55	29
37	77	68	51	38
35	90	73	24	76
84	40	77	68	47
82	97	51	54	32
92	33	36	89	45
82	82	74	63	93
68	10	62	31	50
24	73	32	81	12
85	54	61	100	96
80	55	99	58	24
91	20	59	52	60
95	59	59	71	25
53	25	30	31	96
53	48	74	35	58
54	28	40	48	39
75	31	83	70	39
34	26	80	64	14
92	29	28	26	79
49	97	26	95	44
26	12	67	97	46
11	74	16	26	85
12	36	90	33	64
21	41	66	54	56
58	58	73	29	28
12	93	37	53	66
88	38	14	48	29
84	84	92	69	34
56	44	84	22	35
71	51	26	55	49
83	15	77	73	81
90	43	88	97	67
32	40	76	88	83
76	64	30	55	35
32	31	40	51	26
73	37	27	33	70
38	42	61	45	92
90	48	60	14	100
70	47	59	32	34
45	92	37	63	69
28	60	68	15	59
36	45	34	39	87
100	42	73	26	22
72	69	100	62	53
47	99	64	62	26
49	19	75	84	15
14	83	87	29	50
24	77	22	67	79
89	11	50	80	62
52	34	52	12	51
73	96	21	98	14
44	96	98	23	47
83	81	52	21	69
29	84	82	13	39
87	88	14	83	32
61	34	64	29	27
100	25	54	71	99
56	54	97	81	64
71	12	63	64	69
56	87	86	90	62
35	24	74	52	88
87	97	46	74	14
67	60	83	44	18
52	85	58	78	91
58	89	42	11	74
67	71	43	29	29
92	31	98	22	19
13	90	36	97	18
66	42	30	80	15
32	84	58	39	43
87	84	56	26	65
70	50	62	19	82
29	55	90	11	99
79	66	64	58	18
26	73	31	75	18
11	78	49	81	93
54	57	12	70	87
88	25	42	93	80
67	34	21	47	41
36	44	21	44	94
22	10	49	31	77
87	87	35	73	60
65	46	20	16	70
28	82	94	88	56
50	98	60	17	88
63	83	63	65	31
43	76	43	46	63
52	21	27	41	15
26	50	20	25	80
77	89	29	52	21
70	76	64	25	10
54	99	48	85	51
18	53	13	67	48
44	96	97	36	65
29	28	70	24	52
82	61	32	85	21
82	47	85	21	50
22	67	23	84	83
35	43	45	18	70
97	19	47	79	79
47	40	17	97	98
64	71	70	21	49
59	22	79	87	12
55	56	39	27	19
29	78	12	55	50
12	13	64	35	65
46	45	10	25	29
34	43	59	97	20
46	53	23	15	88
62	38	91	12	78
19	94	41	41	90
81	73	72	57	40
77	81	61	12	26
25	84	66	99	77
53	83	73	91	38
46	69	54	27	36
55	16	56	61	73
88	100	68	38	93
67	54	32	25	64
54	27	88	27	60
64	35	53	37	60
16	94	99	67	69
28	58	96	98	34
44	29	100	55	45
79	26	52	91	68
11	57	36	96	23
12	78	15	18	100
98	67	46	14	100
94	35	21	97	54
96	97	49	31	95
15	44	54	70	85
53	45	33	35	64
92	90	84	13	76
21	24	88	95	17
68	54	90	52	71
62	15	25	27	32
14	22	20	21	54
43	36	84	74	89
78	44	72	47	18
31	54	86	82	62
18	70	66	33	46
63	91	91	10	35
16	18	91	33	17
20	18	99	91	82
72	15	47	40	33
60	48	32	46	89
85	84	80	52	23
92	21	18	99	23
68	76	97	28	74
79	80	69	30	23
71	12	13	45	54
15	84	80	46	96
33	14	98	94	70
94	45	83	85	87
98	24	17	23	41
90	83	100	34	62
39	14	96	19	96
42	91	49	43	69
11	35	55	84	31
37	98	89	26	72
14	24	34	52	19
70	89	72	23	84
67	44	14	60	47
100	33	33	44	57
23	53	14	95	65
53	100	71	68	69
82	52	52	44	47
20	34	43	58	34
84	24	34	45	22
76	87	11	46	74
52	47	71	60	62
14	21	64	79	91
100	61	84	74	42
43	11	61	48	17
30	51	73	57	25
84	20	90	95	39
35	68	61	81	30
37	16	44	100	37
67	16	72	14	25
53	100	39	65	28
19	14	57	54	20
90	10	35	43	100
77	58	41	17	99
71	52	23	44	91
13	39	82	13	38
95	18	25	91	32
61	45	89	65	51
90	17	100	88	99
85	37	93	10	84
54	96	89	29	78
24	64	88	18	27
11	20	75	22	13
97	14	10	86	97
18	81	81	97	67
61	76	24	44	29
83	28	48	40	85
86	44	50	17	19
77	77	59	94	60
21	16	61	11	11
20	72	68	36	39
22	92	86	56	91
27	55	21	12	55
97	100	88	84	24
57	57	36	90	72
72	23	19	80	81
55	13	94	32	15
86	93	38	36	61
28	75	52	21	17
34	70	33	50	60
65	96	79	50	36
72	42	80	11	96
52	82	83	16	41
67	70	41	97	73
95	64	33	34	23
40	62	77	76	70
48	25	90	38	70
43	29	26	24	96
39	53	94	71	49
48	20	38	47	56
51	13	16	76	73
49	16	47	54	19
45	17	72	11	66
53	32	62	96	93
40	86	44	78	60
23	52	40	18	67
57	51	84	91	68
61	72	76	27	20
80	15	55	95	37
87	52	41	61	46
20	87	47	51	11
59	89	40	13	79
45	59	45	56	23
31	53	20	59	66
54	38	41	60	17
73	76	51	13	64
43	46	27	62	69
91	53	63	24	91
42	41	56	61	100
19	91	81	89	60
74	42	52	85	93
23	40	36	45	81
56	91	93	99	47
37	38	94	73	29
54	50	46	21	53
75	42	95	83	36
71	29	42	59	18
15	64	88	77	10
23	82	71	70	89
42	76	15	11	81
42	59	49	66	99
63	38	58	59	75
93	26	21	36	71
10	20	24	37	19
96	94	46	76	34
67	70	33	23	51
57	73	19	48	39
89	53	40	81	25
29	62	79	15	56
39	51	27	93	23
47	88	70	87	39
64	65	84	34	69
79	64	14	60	70
45	15	83	75	71
75	95	95	51	80
44	53	45	22	67
32	40	36	51	59
50	27	41	87	99
37	51	89	100	76
45	98	66	13	99
45	65	88	36	12
11	95	99	98	48
89	85	72	49	49
32	63	55	89	27
31	78	83	67	61
21	60	41	73	75
13	25	27	70	18
65	77	74	87	58
49	76	81	21	75
50	34	51	80	84
83	71	83	76	48
55	61	67	17	65
98	29	24	94	95
39	53	98	28	82
54	68	88	47	97
14	22	18	82	45
25	85	33	26	67
51	44	82	83	26
22	48	23	100	66
64	31	76	62	25
40	78	63	74	20
36	66	37	43	15
80	87	48	28	91
47	44	39	32	95
37	94	93	97	84
85	90	74	93	72
78	58	16	33	88
26	50	42	83	50
35	83	77	59	31
36	62	92	55	47
70	88	100	36	40
13	25	81	72	82
45	87	53	70	60
65	95	43	40	80
11	51	51	86	63
27	67	45	77	83
30	33	69	69	72
74	65	33	28	73
82	93	47	85	35
16	69	39	20	92
61	100	15	89	66
73	33	32	75	49
25	83	98	67	100
88	85	54	21	33
42	38	39	55	96
47	28	39	23	39
27	37	69	58	33
69	88	82	16	53
84	24	40	21	77
90	14	50	97	84
85	46	28	27	89
71	36	77	48	43
69	100	74	97	30
42	75	73	60	54
33	18	87	23	38
83	61	56	60	94
43	71	42	58	16
19	34	74	75	90
45	55	23	80	27
74	81	21	72	52
21	93	29	32	96
32	60	85	97	61
33	18	26	99	25
20	80	81	42	96
83	71	30	65	45
57	47	68	41	55
85	46	18	31	28
69	49	72	82	77
64	19	95	100	98
38	72	96	41	14
61	45	98	52	30
57	31	16	63	88
59	53	43	33	78
73	36	93	90	42
30	63	70	90	41
67	15	41	81	73
97	16	61	40	67
36	96	98	84	34
40	48	79	10	70
29	93	15	98	22
33	22	93	69	22
34	99	65	20	94
33	17	39	23	87
97	44	37	58	50
26	49	55	20	44
67	82	97	49	74
28	83	43	82	61
60	75	100	30	56
62	29	82	36	16
26	98	25	42	11
16	10	86	95	94
17	38	59	61	87
37	88	75	59	90
86	21	30	32	94
98	72	45	14	41
51	100	45	96	76
77	41	43	77	50
37	68	20	12	99
26	71	91	10	48
82	81	34	97	70
29	100	66	90	26
37	80	74	86	89
30	22	39	75	42
39	88	85	58	65
74	88	31	49	52
80	44	15	57	22
80	10	31	94	27
48	70	66	17	95
74	56	96	29	64
81	36	57	60	80
65	68	52	50	90
49	24	62	91	12
96	77	21	83	35
79	78	31	75	33
18	37	41	99	24
31	49	33	13	65
35	27	41	60	29
63	94	75	61	22
30	66	36	90	100
35	79	43	98	11
31	19	29	56	36
63	80	63	60	42
33	76	33	17	63
73	27	34	36	73
43	16	21	14	75
89	35	52	61	61
60	53	48	12	35
18	99	54	59	83
70	25	51	86	35
31	71	91	97	54
90	49	37	19	39
78	68	83	83	14
20	49	59	36	56
76	92	64	42	60
39	29	46	61	35
17	86	85	38	13
53	62	73	60	37
43	41	78	45	65
28	49	32	36	15
90	13	39	100	57
72	12	77	19	37
58	78	52	25	60
89	17	19	99	44
10	13	59	81	13
34	63	64	62	92
89	23	76	31	43
47	20	52	93	26
62	81	75	49	17
52	60	69	98	42
93	11	58	34	19
74	93	46	72	84
63	72	28	58	11
14	42	89	23	12
11	85	18	97	75
45	81	50	78	81
95	96	18	55	73
11	57	84	85	69
81	57	27	28	30
91	92	75	96	45
61	52	77	60	28
95	35	39	99	33
71	28	62	95	28
27	34	16	52	34
46	79	44	38	87
29	29	14	46	56
72	19	88	70	17
41	64	43	95	24
67	26	96	17	36
80	84	25	28	65
92	74	48	84	91
69	78	54	27	59
48	65	32	89	41
67	41	14	41	78
85	97	90	14	21
82	37	26	87	71
67	18	57	26	13
13	69	57	42	54
63	74	91	18	85
51	35	61	19	10
63	37	10	83	83
47	85	74	79	87
77	86	80	60	97
41	74	71	83	95
72	15	77	35	30
10	10	52	17	74
92	92	70	36	47
56	59	52	43	48
94	58	97	56	39
45	78	72	42	91
42	18	100	68	69
59	62	26	71	90
55	23	39	76	87
72	22	95	40	56
65	13	36	56	47
16	60	77	84	24
14	94	27	11	68
28	63	95	70	99
39	79	18	44	29
38	59	96	52	53
97	43	54	62	40
42	15	74	76	52
26	45	48	41	55
100	13	41	44	68
97	84	28	36	12
20	91	66	55	19
29	77	49	85	68
66	48	29	69	78
100	78	18	25	18
35	53	23	11	31
99	36	29	27	44
62	80	92	54	93
22	11	37	70	81
68	40	61	59	35
84	64	53	16	50
30	74	97	61	92
85	86	43	94	28
39	79	49	56	92
94	55	80	21	25
71	14	39	20	74
16	59	49	35	43
54	62	15	84	16
91	78	44	11	59
79	10	10	92	99
76	50	65	44	20
87	14	66	36	90
18	10	53	77	46
13	72	76	59	42
83	89	37	60	96
24	49	30	43	11
52	52	24	100	15
65	80	93	34	72
39	23	89	21	51
56	85	28	87	79
34	93	46	81	58
33	10	72	23	38
77	15	34	57	42
60	87	18	57	59
32	34	69	41	25
93	30	93	97	79
77	93	59	27	43
55	38	17	62	79
87	87	41	29	80
48	87	44	84	71
33	66	73	66	25
100	59	81	47	87
99	20	82	44	98
26	70	45	41	25
28	27	74	39	45
82	75	62	79	14
27	64	80	73	56
30	83	21	88	23
81	50	67	52	90
64	89	12	35	29
27	82	72	17	41
15	12	50	48	86
51	65	27	11	12
51	82	95	67	28
86	93	35	16	79
18	19	22	69	40
46	21	58	49	12
91	36	26	46	41
50	19	99	95	63
25	39	20	26	88
26	43	21	96	52
24	35	36	29	44
76	49	94	91	45
32	70	29	96	77
23	29	63	12	70
89	36	50	88	12
72	56	75	55	51
97	34	19	85	20
68	34	75	55	48
86	28	26	79	78
85	82	56	21	17
27	96	59	12	25
78	62	25	42	69
47	82	61	52	39
17	73	64	59	84
10	99	69	55	27
26	30	65	95	10
25	53	68	97	89
37	45	54	93	31
14	82	35	26	46
25	65	91	16	62
46	94	12	71	97
85	94	30	35	45
85	77	16	16	83
76	92	59	60	58
86	72	12	33	52
87	52	73	64	54
38	61	95	76	48
45	90	18	12	95
11	88	84	40	89
62	33	15	12	43
100	12	34	89	42
76	27	75	18	90
50	88	45	38	37
62	97	18	40	34
25	82	99	44	94
69	71	43	52	36
47	61	43	87	84
33	73	87	51	84
18	75	65	71	77
27	43	34	13	43
67	13	93	72	93
75	40	82	47	28
36	37	22	49	43
77	42	98	28	63
15	38	14	43	90
83	60	28	22	54
10	49	98	16	14
56	33	81	90	11
80	27	92	80	100
57	57	18	56	33
23	75	79	66	48
35	70	35	21	97
95	19	40	10	56
14	14	48	23	100
78	43	55	75	45
10	92	63	11	72
39	98	95	12	24
42	83	65	72	45
14	73	42	45	12
89	77	43	16	63
57	33	37	71	91
33	97	36	88	17
92	30	54	36	87
95	50	91	70	62
55	68	97	23	75
41	23	100	45	56
44	44	27	53	65
73	11	70	23	24
36	72	84	10	25
13	47	56	14	86
23	42	50	66	48
64	32	94	43	97
76	81	64	92	14
82	63	91	94	65
56	19	92	78	19
44	81	43	17	20
30	34	10	82	29
68	97	16	11	77
30	42	35	92	77
36	51	92	65	66
91	51	34	62	36
58	24	35	42	89
48	24	56	50	84
50	65	14	96	65
34	92	39	26	85
40	11	77	100	31
15	11	76	22	55
41	40	89	60	57
58	94	43	53	95
91	85	38	49	59
79	50	59	77	35
84	26	61	55	44
40	86	11	60	98
37	76	21	75	60
60	78	83	75	20
28	98	11	23	13
78	49	44	84	60
80	93	56	89	56
52	40	28	29	68
81	98	54	60	54
40	65	84	20	41
44	68	93	98	71
11	11	81	52	59
62	75	87	85	51
37	21	86	20	62
45	37	68	79	65
70	90	70	25	97
32	96	58	45	17
94	98	80	72	29
74	31	25	79	30
16	68	15	25	71
64	40	91	50	53
100	58	15	24	59
33	57	57	36	88
43	51	44	28	36
88	54	15	27	87
46	14	22	18	88
56	60	11	12	38
32	70	24	38	98
40	97	26	35	11
93	56	19	69	51
64	30	23	99	33
33	66	23	71	14
45	23	23	97	82
43	25	95	43	53
83	18	87	83	11
50	62	25	44	48
17	92	62	42	72
86	92	91	99	20
64	28	86	35	67
26	54	78	76	97
31	51	62	18	34
73	68	86	68	32
61	51	83	86	11
38	87	76	59	36
12	19	69	39	67
37	15	24	42	28
34	97	23	87	52
24	16	45	95	97
50	33	64	81	22
75	71	93	61	14
71	44	21	88	92
26	87	72	56	97
25	84	22	88	49
64	68	29	23	27
49	51	24	94	13
17	44	22	65	81
85	37	56	33	66
53	64	78	51	55
79	17	19	67	76
57	74	100	36	80
40	48	94	62	86
31	35	42	21	25
68	32	81	94	31
34	58	35	26	66
52	39	44	92	61
99	26	20	80	55
22	95	81	49	16
70	23	11	20	30
48	84	36	74	48
63	93	50	16	55
73	81	28	11	77
52	94	13	13	88
47	59	99	53	96
39	67	41	15	42
13	14	37	13	53
89	33	94	92	87
99	97	71	27	40
72	97	91	68	59
76	55	29	98	24
20	36	87	11	23
77	83	81	44	63
83	56	18	77	48
60	35	29	44	81
66	31	80	40	14
38	77	18	16	61
32	63	77	60	83
84	51	49	21	21
85	46	43	22	76
66	28	67	52	12
76	12	36	52	61
56	38	95	69	88
95	92	92	56	60
18	29	22	63	22
75	31	31	72	12
99	86	15	51	88
19	99	62	93	32
89	85	46	72	63
76	10	86	46	99
32	67	67	49	91
85	33	41	10	31
69	72	76	49	37
43	49	42	60	96
45	51	70	29	34
21	94	72	33	88
35	36	52	71	65
49	24	79	41	58
40	77	47	80	16
85	74	82	90	16
10	31	31	92	24
95	23	54	23	44
52	23	18	73	45
75	37	63	39	57
46	97	79	27	89
51	11	76	68	60
26	66	92	66	58
94	60	62	32	67
50	39	89	81	88
61	96	34	66	85
93	53	20	25	34
87	29	66	94	43
90	80	86	95	64
41	59	83	28	57
84	25	90	90	34
43	88	65	24	47
89	77	71	40	34
99	55	52	31	11
95	100	73	70	55
14	12	41	24	69
21	96	19	11	88
50	26	90	47	82
34	88	23	59	80
85	19	63	62	62
43	67	29	30	76
81	62	27	34	70
87	71	62	59	37
93	41	64	37	10
22	68	29	14	59
12	18	45	81	92
74	83	85	30	57
27	71	60	92	29
19	56	25	89	60
47	19	37	12	49
94	84	20	99	57
72	54	65	23	43
70	40	92	95	67
89	45	41	37	11
23	53	93	19	54
65	23	29	72	42
27	57	86	94	41
68	12	50	76	37
35	20	97	85	74
47	96	21	17	91
32	76	23	49	73
46	48	26	38	23
67	29	26	18	48
88	80	79	38	60
31	62	100	46	58
90	87	70	43	14
54	73	78	95	71
65	75	43	90	53
70	53	89	64	50
27	73	69	96	97
50	45	51	83	56
46	84	45	13	86
61	32	45	91	42
78	29	46	89	74
26	70	39	17	46
82	17	51	93	19
11	39	49	68	75
88	12	28	14	29
26	91	38	51	100
71	13	81	46	98
19	93	12	67	72
25	22	79	15	92
43	29	75	11	42
39	23	59	76	96
30	35	66	56	98
87	74	61	93	13
20	43	46	41	53
50	99	52	81	18
52	36	59	100	44
38	89	50	61	22
26	77	26	77	45
80	94	49	10	39
56	69	63	73	19
98	17	91	17	29
22	89	85	85	47
37	76	11	91	52
55	38	95	86	38
50	60	52	34	93
97	26	42	55	20
92	82	72	20	62
27	78	80	31	12
74	70	64	89	30
21	33	63	22	74
88	98	40	36	70
35	60	40	89	98
67	20	76	27	94
25	38	20	12	59
86	31	78	54	11
78	62	11	36	95
94	20	85	12	81
58	90	82	52	51
84	10	87	16	33
34	76	80	71	95
44	10	51	27	62
85	65	53	95	40
55	34	31	17	22
13	96	60	57	66
96	90	37	56	45
16	45	92	37	96
36	92	70	41	88
68	37	88	83	10
21	22	100	75	63
78	19	30	96	25
34	73	82	33	97
46	32	100	20	50
46	76	47	98	82
37	54	32	30	13
30	42	16	16	65
55	63	36	71	72
36	15	18	21	44
44	12	98	26	85
14	64	28	29	49
78	84	13	38	73
36	82	26	52	50
62	40	72	13	40
42	97	87	62	88
54	97	40	13	100
30	48	56	78	40
76	60	65	46	89
47	48	40	91	21
75	90	35	18	69
75	98	88	96	65
17	12	22	85	83
56	52	27	30	33
73	21	50	88	90
13	99	31	96	23
60	99	85	69	42
19	71	46	19	67
20	44	78	23	94
31	44	81	56	56
38	97	30	91	13
61	86	65	51	100
86	48	19	34	15
50	72	87	97	96
29	95	84	88	43
38	10	25	97	69
45	45	77	60	94
45	13	99	24	48
70	97	47	67	69
18	55	53	17	27
90	52	83	90	100
66	60	51	15	43
10	27	29	75	45
37	70	20	73	78
70	65	87	81	75
19	61	22	15	90
12	71	96	70	76
14	98	44	69	76
66	75	22	81	52
48	63	11	59	91
64	89	85	51	43
44	55	73	45	78
84	41	16	70	16
89	92	59	41	65
59	51	76	56	65
26	27	64	58	68
66	89	94	13	80
67	100	62	23	88
23	55	98	24	29
32	49	15	30	62
31	48	54	82	39
50	32	90	29	35
38	91	15	33	30
86	84	95	96	49
13	98	29	51	90
51	22	90	15	35
21	44	94	13	99
85	24	78	67	58
74	23	75	52	65
77	86	47	14	99
41	54	17	79	83
53	37	53	75	28
50	50	92	59	42
26	72	74	71	28
35	30	63	36	65
60	99	13	53	15
47	78	71	46	29
92	59	65	49	11
83	74	17	94	37
45	67	54	84	57
78	50	56	41	15
57	68	33	67	51
66	34	46	27	40
18	24	59	78	86
28	67	98	84	78
13	64	41	73	62
15	100	97	20	83
47	80	80	83	43
81	84	32	60	18
11	88	65	98	57
36	89	42	39	34
33	89	50	85	61
95	66	16	26	96
36	98	38	84	32
52	29	98	11	100
60	63	46	89	75
51	26	42	61	31
72	95	24	60	46
31	31	49	45	88
98	69	24	57	42
52	53	66	44	51
20	76	76	31	26
24	94	44	62	24
38	71	68	63	84
95	91	97	78	92
88	31	17	77	72
57	57	47	44	67
68	50	88	36	94
96	75	70	95	39
39	49	99	41	37
41	92	73	62	67
33	13	90	11	90
27	40	69	71	35
16	78	62	30	95
83	23	84	75	81
12	51	89	97	17
35	48	42	75	37
43	80	57	22	72
48	62	98	44	44
74	47	78	68	51
38	91	26	69	15
32	22	67	99	69
24	83	94	47	72
33	74	75	84	87
61	40	25	18	91
43	29	62	57	97
89	53	75	90	58
25	15	73	75	61
96	46	30	12	100
24	57	42	38	47
19	25	90	94	29
29	25	83	37	50
88	53	67	17	77
63	97	31	12	73
64	15	46	20	31
48	92	36	48	38
69	19	17	95	64
84	59	17	13	58
15	94	43	79	11
45	87	50	98	80
19	66	48	72	58
99	48	55	26	67
17	88	74	76	31
64	88	37	72	91
33	48	20	27	100
47	87	87	12	50
92	59	56	31	100
10	52	74	99	80
57	96	91	54	56
43	11	28	56	26
65	68	78	54	20
98	70	88	78	48
48	89	21	45	25
55	82	36	88	39
23	41	65	99	47
80	53	83	66	34
91	20	83	27	34
71	30	56	54	26
52	88	10	18	87
95	83	100	36	26
15	31	46	55	10
38	50	52	82	63
63	35	43	43	98
93	68	78	100	74
37	75	97	37	90
98	83	23	45	96
94	62	84	33	32
41	37	85	33	14
44	55	97	12	43
56	16	45	87	57
49	41	62	54	24
35	68	97	51	69
38	16	70	50	75
100	95	28	97	29
84	76	55	95	37
29	32	97	99	38
82	25	37	64	94
87	79	46	57	43
90	24	87	56	78
35	78	63	32	98
83	39	69	24	92
18	78	32	97	12
72	52	93	25	19
42	34	32	38	10
65	68	77	75	10
74	19	80	37	15
94	55	30	76	76
41	37	58	86	46
86	91	84	50	32
12	14	67	19	77
97	22	96	32	23
16	24	27	96	28
48	32	28	21	52
34	64	42	100	63
46	75	74	74	63
75	43	37	71	31
34	79	56	66	24
33	66	27	43	20
90	92	19	72	82
99	37	82	28	51
45	38	18	19	41
46	34	45	67	70
70	68	35	43	100
34	55	28	33	58
99	14	47	15	95
59	65	34	82	18
95	49	90	53	15
41	12	80	69	12
45	48	23	44	34
84	75	92	64	72
16	60	80	15	52
29	99	97	38	37
15	12	74	75	29
72	52	63	15	26
77	10	56	82	18
25	39	19	98	68
34	86	11	73	97
42	59	40	71	71
64	39	33	74	31
91	23	38	49	86
17	12	13	65	26
45	48	92	84	34
76	55	96	41	34
80	17	94	83	56
87	17	95	66	61
26	51	100	32	21
41	28	45	52	17
62	93	21	94	40
55	72	19	81	99
12	86	69	86	12
55	90	80	85	66
34	37	84	33	100
48	30	53	21	44
66	24	19	50	62
14	32	38	22	66
91	46	33	71	56
84	73	73	26	74
27	33	73	38	83
40	95	66	93	54
78	60	79	38	13
91	35	18	56	56
24	92	17	68	96
81	58	33	53	86
77	94	50	47	18
84	89	74	53	42
65	23	22	97	21
18	68	65	25	75
34	100	71	19	66
97	70	18	64	78
26	27	83	18	61
58	94	30	81	49
91	55	63	39	17
54	63	90	77	79
30	44	44	95	19
65	18	48	33	64
61	71	26	83	47
66	38	21	60	59
79	90	60	67	62
72	96	52	61	86
78	11	86	52	68
63	77	61	95	50
27	75	41	89	72
20	61	97	17	68
11	53	92	32	61
88	61	22	12	82
55	80	17	70	41
54	80	13	93	99
52	60	61	44	90
62	43	94	44	39
85	74	37	41	12
15	83	23	71	47
58	47	69	76	18
99	37	30	99	44
28	68	81	33	77
14	21	18	17	76
52	86	23	72	82
76	44	84	79	12
90	54	39	34	91
46	13	36	66	64
55	37	70	24	23
42	57	65	26	67
30	72	32	39	48
50	52	48	26	76
86	46	23	39	73
64	24	69	55	34
39	54	11	25	43
95	33	13	80	21
95	68	37	99	78
74	86	21	44	20
21	57	37	22	80
30	65	64	27	45
97	60	18	19	85
12	20	47	79	90
13	14	36	28	97
96	29	29	32	83
61	87	63	86	81
72	83	64	53	48
40	86	90	99	100
14	88	68	83	10
92	17	93	29	89
89	79	49	18	81
55	38	74	90	45
85	91	29	53	17
87	30	13	14	89
65	66	68	95	24
22	65	100	43	100
55	38	32	25	41
58	17	39	30	95
48	44	82	11	12
74	22	81	53	34
31	88	63	49	90
63	53	68	81	23
59	92	66	37	46
26	23	94	47	100
13	23	88	57	41
54	84	19	99	41
92	14	57	55	16
93	42	59	78	60
32	64	74	67	70
64	95	81	13	63
49	80	41	100	13
28	59	44	54	23
97	19	51	75	67
34	53	12	31	68
55	65	25	56	15
31	23	34	81	12
49	33	19	49	48
45	49	41	15	91
14	55	32	12	44
64	97	55	15	77
53	41	39	27	56
22	15	21	47	24
37	79	58	72	65
45	36	83	47	39
61	51	95	72	31
31	86	97	79	74
23	21	72	31	42
96	71	66	51	78
99	82	93	37	87
92	96	56	49	74
63	83	84	91	92
57	100	65	52	100
81	100	62	53	80
67	25	70	88	45
73	64	83	47	15
96	31	20	53	70
81	24	21	65	55
47	18	92	80	80
40	75	19	62	33
71	81	65	11	32
15	98	32	28	32
51	40	23	77	57
42	30	19	93	71
54	58	63	85	73
79	32	39	45	77
15	16	47	65	59
72	33	19	17	20
85	95	19	29	97
20	47	51	79	55
28	34	63	75	78
23	53	28	54	42
51	48	84	80	85
19	11	84	28	75
34	16	62	68	25
82	82	67	13	48
48	59	51	29	13
46	20	87	27	26
31	67	59	89	27
72	47	53	79	27
13	45	79	80	91
20	89	75	58	90
97	81	46	70	32
13	28	89	72	25
68	75	60	66	93
53	100	83	64	39
20	82	87	39	66
48	33	37	57	22
79	22	36	66	30
12	53	51	57	36
38	10	83	83	72
25	66	65	84	37
31	11	41	34	45
22	80	44	60	98
85	75	100	52	44
75	97	40	95	61
11	58	40	30	27
36	81	38	98	93
100	16	15	11	43
96	78	100	19	98
15	82	30	72	81
64	14	72	63	43
92	58	83	25	22
58	97	57	35	15
35	100	74	23	87
22	13	56	19	47
59	17	57	96	73
13	68	84	19	17
97	96	33	54	74
44	30	68	74	72
15	79	59	54	21
27	82	51	66	77
79	49	16	15	14
37	40	11	78	59
38	74	89	16	73
83	43	77	93	45
56	60	20	80	22
59	16	46	15	97
65	12	21	57	15
59	22	66	89	56
64	62	56	27	87
36	96	67	39	47
18	34	86	23	53
28	55	34	22	76
26	15	60	80	50
66	87	66	56	74
51	69	71	66	22
65	32	63	46	65
37	76	57	96	23
21	78	21	85	95
55	25	86	75	45
90	46	63	84	89
92	74	56	28	82
75	17	25	36	65
99	80	78	90	34
24	31	20	80	28
74	30	79	47	34
33	16	32	23	32
63	76	88	22	100
70	55	79	28	16
36	62	90	91	82
33	32	66	52	35
21	70	52	27	87
34	12	97	90	97
94	29	14	29	54
34	97	54	56	34
94	66	91	78	11
73	22	10	99	53
91	68	63	21	80
22	66	48	23	73
14	39	93	11	26
28	45	63	82	75
67	85	97	90	64
16	29	30	45	54
50	66	15	100	57
95	71	56	45	46
37	82	78	51	73
53	66	67	39	99
39	50	27	51	71
27	13	83	35	75
55	54	21	52	26
25	69	98	33	100
92	93	54	65	94
28	67	77	63	14
61	48	90	34	25
99	90	16	41	64
66	86	73	32	63
39	67	70	45	90
56	32	74	15	80
34	65	94	43	79
95	30	61	25	29
81	17	42	44	98
86	47	27	52	84
41	15	93	73	53
26	57	17	100	47
95	93	84	29	41
34	75	18	97	43
29	71	17	26	23
45	99	48	47	48
36	73	79	48	31
97	44	46	85	12
29	85	35	58	21
89	28	76	11	88
20	38	77	26	37
14	80	63	62	27
16	54	99	62	31
49	86	39	61	18
35	16	58	71	73
96	61	25	38	15
92	67	20	36	69
85	83	49	99	43
72	65	29	75	78
10	24	28	82	51
89	14	17	33	68
92	74	75	32	92
16	12	100	89	58
55	46	77	62	90
44	90	75	88	16
53	26	27	69	49
91	42	44	64	41
11	84	40	98	54
76	33	62	97	67
79	39	21	72	80
71	11	66	20	75
20	60	19	17	96
34	15	15	23	77
88	35	45	45	11
78	35	76	40	96
33	95	65	11	97
19	30	44	49	100
61	28	11	42	39
91	59	77	54	85
39	13	82	59	76
50	27	80	83	10
60	55	34	60	57
80	11	18	44	98
77	18	79	78	91
40	26	73	61	21
60	80	30	24	14
23	38	20	43	53
54	10	36	98	31
49	64	58	29	93
94	53	45	71	73
74	60	86	31	98
64	91	37	57	74
64	46	19	54	51
53	79	100	81	20
23	20	60	76	41
79	59	14	51	18
93	45	87	95	65
45	64	89	84	15
55	35	53	28	47
42	22	62	51	34
40	93	54	80	81
70	32	49	14	56
79	71	72	68	93
18	12	39	16	72
66	99	23	89	41
72	71	68	60	55
13	79	31	53	68
27	57	37	25	18
59	10	23	31	94
84	50	89	99	14
43	67	98	37	40
98	52	32	20	51
40	82	75	92	72
10	42	56	28	95
92	34	88	23	10
40	40	83	39	39
83	56	42	47	100
58	67	28	75	91
78	14	50	66	85
34	54	76	79	40
15	23	46	29	72
30	68	82	82	66
94	73	13	92	59
62	51	83	67	79
68	23	100	81	58
58	83	10	87	71
62	35	40	68	75
40	26	62	72	61
91	30	51	56	68
20	50	93	75	78
91	72	34	49	94
13	65	76	87	46
33	83	16	83	75
29	23	33	43	63
87	21	15	49	46
80	88	73	18	37
89	48	78	75	14
13	93	35	23	47
29	50	84	97	45
18	30	51	37	51
63	44	11	86	56
88	71	36	84	84
32	31	16	74	59
18	90	77	50	57
33	12	81	66	84
89	15	61	20	74
27	65	31	59	12
38	88	51	94	86
25	59	19	24	40
60	91	82	54	88
58	14	28	15	45
92	78	24	33	92
75	74	13	23	77
44	33	91	57	67
76	87	90	94	73
79	36	75	58	98
97	29	35	62	91
95	19	21	33	30
45	46	45	35	28
29	40	18	87	79
29	84	56	11	62
52	27	83	90	88
35	44	41	63	53
48	86	98	87	99
73	82	56	66	66
58	48	44	25	87
53	93	44	91	17
99	92	66	77	55
71	60	40	14	44
99	44	60	79	13
72	100	65	77	40
88	78	84	24	64
22	81	93	26	15
41	84	39	51	96
96	30	24	96	55
97	100	60	53	17
40	78	15	27	61
40	83	81	58	13
45	94	62	10	20
79	59	72	20	66
93	22	23	11	100
69	45	82	83	27
91	92	28	79	62
80	62	100	74	48
31	92	78	19	70
71	55	56	28	63
51	52	36	57	17
90	45	35	75	53
70	19	80	45	41
40	10	41	95	38
25	66	85	57	26
53	63	79	69	61
18	46	10	69	65
50	76	10	57	51
18	87	22	77	45
20	97	35	27	62
74	63	82	24	67
44	12	62	44	47
84	11	51	91	22
31	49	33	21	56
17	48	91	76	34
66	85	30	38	92
78	60	53	16	99
52	90	90	35	43
83	50	43	77	59
18	29	38	71	92
46	60	66	33	43
66	93	89	10	32
52	53	25	97	58
59	72	83	93	15
30	28	86	53	62
18	21	24	30	45
26	62	36	65	81
92	89	72	72	24
90	52	32	26	91
37	44	89	65	79
60	81	87	52	55
77	63	83	98	28
54	38	55	40	37
36	91	45	86	52
95	85	18	66	61
94	74	81	19	13
98	25	83	37	36
98	38	54	94	37
55	84	35	76	76
83	73	34	78	65
67	94	56	89	60
59	66	59	58	33
22	19	76	36	62
17	27	17	41	56
26	64	12	25	28
29	69	70	43	46
66	90	21	75	45
60	72	46	65	94
92	98	15	29	15
54	81	52	94	55
56	73	40	88	69
21	43	64	19	43
36	40	15	13	17
45	23	22	88	60
87	13	85	71	37
32	22	65	25	42
39	53	100	89	57
58	64	87	78	29
69	59	25	26	68
20	26	52	83	50
96	35	55	19	15
20	12	52	76	70
88	79	95	60	41
14	23	74	49	100
45	48	36	96	33
62	83	37	95	79
63	60	55	54	68
27	28	55	62	57
12	58	33	65	14
16	24	73	35	39
71	81	80	98	20
94	12	79	63	68
86	89	100	25	88
64	14	21	26	13
66	15	20	22	49
41	52	27	75	91
23	30	100	79	63
80	75	69	15	88
40	32	51	16	33
34	62	99	84	41
18	97	32	19	99
97	20	94	27	86
82	25	50	57	74
36	67	82	68	74
40	44	38	81	54
60	15	10	21	59
45	28	91	64	70
99	87	99	53	45
62	81	61	82	65
36	69	73	80	98
19	15	92	32	26
61	91	63	30	41
26	87	37	74	30
76	25	88	63	33
57	37	28	31	31
92	15	78	22	64
88	68	51	31	45
87	13	64	83	99
60	71	95	37	47
87	68	47	64	46
14	57	86	92	57
88	41	97	68	18
71	12	60	81	62
63	85	66	44	50
25	90	42	41	37
90	77	34	67	88
46	98	50	16	87
90	89	54	58	67
32	43	70	43	50
68	54	64	96	96
89	54	28	99	19
35	73	13	83	35
53	96	51	20	95
78	74	53	18	69
29	68	16	96	11
59	28	69	12	30
28	93	40	22	27
67	87	45	41	35
21	88	55	46	59
37	13	88	87	17
75	51	31	91	84
41	62	49	13	43
84	94	96	44	84
36	45	26	33	25
14	70	53	84	78
78	18	69	33	92
55	47	66	16	75
38	65	20	84	100
53	79	61	72	31
19	52	54	93	50
28	20	14	21	90
41	34	65	60	13
82	89	21	22	90
10	11	71	22	35
52	54	32	92	95
100	39	41	53	37
76	78	59	37	41
43	82	18	32	92
86	18	97	96	79
20	20	64	55	59
82	77	49	41	64
59	62	64	16	52
16	51	76	93	40
40	47	89	68	21
18	50	62	36	38
35	22	78	31	53
32	52	55	70	14
97	60	43	77	77
81	33	71	95	90
99	23	58	70	56
60	98	100	83	36
43	19	43	72	77
95	47	75	82	55
14	47	88	65	40
25	24	90	93	29
100	83	58	37	17
92	36	52	84	81
72	78	59	56	55
19	83	77	34	85
64	50	11	14	22
54	73	100	10	59
41	50	11	68	90
53	26	84	43	49
25	16	64	49	19
27	83	58	92	42
63	44	60	35	85
22	29	72	26	57
74	85	38	29	84
61	92	16	43	61
83	31	11	44	73
57	14	41	80	51
37	61	32	21	79
56	45	10	22	51
22	44	84	74	97
99	100	40	78	12
53	47	46	26	89
98	67	78	88	47
33	13	92	33	30
47	71	74	72	61
63	22	75	65	26
25	45	14	74	83
51	93	62	15	54
44	25	62	30	47
15	92	16	87	100
84	10	100	16	34
42	19	56	77	78
23	24	34	72	94
93	38	89	76	82
57	43	68	98	34
43	77	54	41	83
20	50	69	20	28
53	19	77	78	96
90	81	74	61	73
58	28	69	76	81
47	23	86	14	63
42	67	58	60	21
36	61	71	86	31
13	91	18	38	82
81	90	83	83	41
76	10	72	100	85
81	12	93	82	96
54	74	18	36	82
10	15	69	74	99
98	32	88	73	22
58	34	77	31	45
63	72	14	74	24
41	79	78	53	50
81	28	75	85	74
43	80	51	93	54
59	43	19	70	46
89	82	89	25	33
82	59	90	91	54
60	51	54	43	91
41	92	60	34	58
16	99	96	22	45
67	69	31	68	54
70	58	44	78	92
56	29	15	72	11
84	54	57	73	71
25	81	74	79	41
49	98	91	44	53
97	60	60	13	43
71	18	74	86	46
51	23	51	56	52
45	20	22	27	51
23	20	93	35	64
79	62	94	13	66
97	10	43	99	46
62	50	13	20	40
17	68	95	44	84
22	42	24	45	41
79	72	38	47	59
76	28	47	87	63
77	68	60	69	73
40	43	45	56	45
74	59	98	46	22
74	75	80	41	57
69	45	68	86	84
77	87	73	12	43
15	85	68	36	86
75	24	65	12	18
40	39	85	72	11
17	55	16	24	12
52	35	15	11	13
57	58	17	39	31
44	11	54	20	38
12	85	56	47	65
60	44	22	80	10
25	25	89	11	78
60	91	38	27	90
19	28	41	39	38
35	32	43	28	74
96	10	91	88	87
88	95	47	14	35
69	32	17	63	47
64	15	55	25	46
94	64	51	38	23
27	24	15	75	44
48	21	63	86	78
80	93	73	76	40
39	60	65	84	73
63	21	50	78	99
97	20	79	90	57
38	26	68	60	84
56	83	55	10	90
74	40	32	98	44
44	38	10	59	13
91	44	63	79	46
94	85	15	41	96
32	58	95	32	66
75	90	19	99	93
50	41	95	67	18
38	70	88	78	86
18	73	97	93	89
34	77	84	21	100
37	77	48	49	96
56	100	95	16	64
32	13	67	76	75
83	49	55	60	80
94	36	35	45	97
46	70	64	36	33
71	99	26	75	31
12	42	73	100	31
41	66	99	59	50
83	99	32	63	77
81	99	36	56	31
60	64	39	14	69
80	64	37	64	24
72	55	51	48	68
90	58	34	40	34
12	67	78	66	16
89	77	23	79	63
75	46	42	61	67
86	84	71	63	19
65	62	13	87	75
58	26	35	35	57
100	51	18	38	96
76	84	38	45	32
48	47	62	88	46
93	42	39	31	45
63	13	55	68	61
96	42	88	70	76
43	80	47	86	99
50	19	80	93	34
31	60	36	21	56
97	44	80	21	71
31	89	33	97	81
88	17	17	16	32
10	55	67	72	77
46	29	33	33	29
93	82	21	58	92
29	53	44	30	21
60	85	71	42	48
16	25	82	93	66
46	88	89	40	82
34	31	26	59	28
83	41	37	73	39
31	77	81	60	78
62	36	44	74	65
28	10	30	58	65
42	62	31	62	47
51	38	85	62	41
16	36	49	41	14
72	77	56	14	77
87	85	14	44	29
38	95	25	60	33
69	69	67	52	42
80	61	66	24	40
79	11	50	46	18
83	81	19	76	43
17	17	83	94	44
60	60	47	68	12
55	62	53	56	30
69	21	20	25	73
43	86	70	20	77
30	51	70	48	71
49	21	86	72	38
22	32	55	23	78
27	42	84	24	58
24	19	43	20	63
86	34	48	18	94
87	42	88	41	79
69	68	37	37	24
26	36	20	37	15
79	93	43	95	45
80	86	34	55	58
100	33	94	59	73
85	42	94	41	89
66	12	73	47	18
48	76	86	74	30
79	25	15	55	83
17	35	74	44	86
63	36	75	55	68
62	99	62	77	82
66	29	61	39	32
76	97	87	82	85
43	34	44	69	30
68	63	57	34	49
27	53	36	77	42
62	65	98	49	33
39	75	22	21	88
100	73	82	29	49
33	10	24	16	76
86	42	45	28	98
75	37	17	64	72
41	32	26	86	41
11	49	51	18	40
36	54	94	97	75
44	36	66	12	84
23	70	33	100	25
42	88	70	48	90
49	91	99	56	98
92	48	54	49	65
85	79	49	20	90
43	16	71	96	66
66	78	65	86	75
52	12	84	32	92
92	17	97	75	54
47	38	42	96	56
55	18	52	88	56
29	99	98	71	95
36	21	100	63	18
97	14	83	66	24
80	84	24	22	42
85	96	25	71	83
77	92	15	59	97
30	13	16	68	51
50	69	22	95	98
49	79	63	32	81
82	39	33	93	37
54	54	27	16	49
17	57	68	85	12
80	76	37	17	54
55	81	56	16	32
73	11	20	25	44
45	74	46	100	66
65	62	23	96	93
96	90	88	84	25
75	66	38	97	33
83	76	23	27	25
65	89	23	100	97
58	26	62	25	99
100	33	71	22	98
21	46	54	50	58
35	57	68	26	35
17	22	83	23	15
57	67	19	39	96
75	74	44	18	67
35	12	46	94	31
53	20	64	69	73
46	100	42	12	16
32	51	90	79	66
84	74	40	84	26
47	94	84	90	82
98	60	45	14	54
83	49	70	45	42
83	67	69	76	45
33	11	47	50	68
74	75	31	96	74
22	11	25	92	34
36	95	23	47	51
24	62	64	54	64
77	97	30	45	62
69	83	74	87	17
42	30	49	28	60
59	45	71	99	57
46	14	26	39	21
59	23	72	73	41
72	12	89	21	57
90	79	29	45	74
34	40	29	26	94
58	55	27	66	69
62	93	48	94	13
66	20	44	31	19
10	100	83	82	99
77	52	31	22	47
49	33	15	82	98
95	48	24	81	62
50	59	69	23	63
64	44	90	44	88
36	25	74	56	13
31	20	17	83	73
80	72	84	57	37
10	20	58	96	10
11	29	12	89	59
94	81	72	83	36
25	58	98	25	21
45	58	23	66	56
40	29	19	61	70
53	46	64	83	50
52	55	77	33	40
33	90	10	16	41
85	46	68	90	73
57	97	68	70	22
43	11	29	65	10
47	51	76	29	15
22	100	99	56	92
35	69	13	10	74
78	63	14	25	73
45	87	94	83	78
17	79	19	27	53
17	82	13	97	81
82	10	74	83	100
62	23	71	42	48
44	84	52	49	78
67	20	25	90	46
59	28	52	51	35
82	72	60	37	33
96	70	100	94	52
62	16	14	74	78
16	46	67	58	87
49	41	80	66	26
11	87	51	90	78
79	23	84	49	65
65	28	86	34	50
34	23	30	100	99
24	49	75	43	50
15	14	85	83	30
65	71	96	11	97
54	55	37	71	59
73	26	19	52	88
38	74	11	68	48
90	24	63	39	79
71	68	84	100	77
61	19	20	49	47
30	70	94	51	83
20	20	82	35	67
51	13	26	93	56
72	22	46	23	92
44	70	27	43	79
19	67	78	34	16
57	25	84	56	66
56	93	86	13	57
57	39	29	13	46
16	41	45	30	33
91	89	98	81	73
11	17	21	45	86
64	31	50	34	72
41	48	56	47	75
12	34	53	65	34
33	39	13	14	84
15	85	18	99	90
62	35	82	39	58
61	22	91	84	22
48	63	75	75	39
62	30	41	13	27
76	27	16	12	89
19	94	65	26	42
55	26	79	38	48
36	95	60	80	71
47	60	52	58	27
35	75	100	45	80
23	59	70	43	16
34	19	30	36	59
54	69	18	62	38
35	90	84	56	88
36	54	90	31	85
67	53	55	62	23
78	15	35	74	58
22	20	89	61	27
70	83	79	34	22
99	66	92	14	73
96	45	25	15	27
98	38	77	82	16
92	95	69	46	85
88	24	36	99	70
50	53	90	16	60
36	27	62	43	84
97	87	59	51	87
60	87	32	72	22
52	98	73	17	28
43	35	97	36	15
71	93	72	38	34
33	15	28	51	82
83	95	78	33	17
60	47	65	27	90
54	38	55	61	28
84	86	44	52	17
35	58	14	63	17
65	89	27	84	68
85	11	61	72	59
23	12	31	61	76
47	91	38	68	61
19	91	90	48	43
47	32	43	37	75
23	26	89	73	49
88	93	92	42	72
95	42	75	52	91
17	95	31	69	56
39	93	79	32	59
14	57	19	75	59
80	24	56	99	76
95	82	61	44	86
18	54	40	46	10
56	49	10	77	100
32	30	96	12	49
33	13	89	75	86
64	50	38	27	58
94	71	94	35	34
71	56	14	70	70
28	43	82	78	94
93	47	55	10	17
64	86	21	92	67
92	11	27	41	52
57	56	38	71	52
30	96	92	57	35
47	80	43	12	39
94	65	74	96	54
19	38	17	21	23
63	28	74	90	73
66	46	37	51	48
73	74	98	22	61
93	78	27	11	75
53	76	82	73	85
48	33	54	21	49
77	75	50	76	33
83	22	22	68	76
100	96	92	43	56
39	54	50	83	13
98	48	59	30	96
67	51	64	94	98
52	16	93	71	75
72	39	87	40	44
42	19	36	86	41
91	96	79	25	16
80	74	69	30	47
30	75	33	98	44
25	47	91	83	56
12	56	49	47	57
83	27	23	12	22
99	29	15	22	57
65	74	55	46	66
71	55	16	71	37
43	95	66	47	50
83	79	38	67	59
94	80	45	36	70
61	31	78	20	10
66	94	83	19	25
79	10	98	16	96
54	87	14	88	99
67	26	24	64	36
71	42	15	73	20
33	99	72	87	58
38	79	73	57	21
85	44	35	36	45
23	84	26	45	10
62	90	51	19	42
78	60	16	11	12
68	36	54	36	60
95	87	100	97	61
57	21	90	74	88
43	16	27	52	65
64	71	93	39	48
35	88	57	30	86
63	39	24	62	85
40	100	14	96	74
13	10	31	94	54
25	28	49	33	20
32	35	89	82	58
100	43	24	42	34
12	16	30	27	90
44	70	21	70	69
30	84	97	51	65
80	53	100	19	27
53	11	58	42	89
84	44	42	98	55
21	40	89	23	93
18	63	37	34	88
90	62	25	61	73
21	93	56	93	60
83	59	56	62	14
22	74	30	94	61
69	14	94	17	31
51	22	27	81	53
35	41	10	76	91
54	21	89	49	89
90	92	47	82	93
24	92	34	88	21
57	78	53	53	31
66	28	83	47	18
20	96	18	37	94
60	58	15	75	36
95	21	35	45	68
83	45	25	25	95
31	56	77	25	59
29	47	99	86	100
14	88	61	35	96
36	43	17	63	86
90	66	92	100	19
85	39	35	46	96
64	39	30	80	86
87	15	26	78	97
40	24	98	47	79
70	89	25	71	51
37	23	36	63	76
51	64	44	68	72
43	72	61	55	71
100	88	42	75	61
47	37	96	53	57
67	64	87	32	25
49	68	54	72	34
32	25	99	78	21
83	15	80	14	47
14	46	71	64	94
35	63	20	82	80
70	65	97	67	47
70	80	34	99	57
34	21	97	49	27
88	81	12	34	39
99	25	34	31	45
49	66	36	93	27
63	76	61	68	72
27	87	78	14	76
56	85	73	61	23
12	77	23	88	59
88	95	61	70	45
51	67	71	62	40
80	14	36	100	78
56	87	35	91	11
74	26	81	33	11
95	57	91	56	82
50	79	94	57	22
27	17	66	39	34
85	43	38	60	55
34	90	82	54	84
43	95	65	15	51
88	46	21	10	58
55	62	69	31	39
20	12	99	60	43
68	63	99	54	13
44	63	10	58	34
60	100	42	98	16
19	19	83	24	44
42	65	41	97	68
52	34	74	66	30
24	68	15	34	98
66	78	41	69	45
51	53	53	88	57
41	93	71	12	79
48	82	27	21	14
41	93	62	100	42
21	33	46	10	75
13	31	77	57	56
31	24	75	65	28
41	31	61	18	67
99	49	18	42	31
14	59	91	88	23
85	55	21	65	13
95	47	21	21	27
50	12	41	63	70
52	29	33	42	57
13	39	28	46	78
78	84	93	53	24
66	41	54	72	63
21	29	22	18	40
51	44	20	91	84
89	62	41	58	66
25	70	17	28	14
22	54	68	65	97
54	86	75	93	58
10	19	55	57	36
85	38	62	38	17
85	84	49	51	44
65	23	94	43	36
86	30	14	11	92
30	65	51	69	77
37	46	61	55	98
38	51	69	23	37
28	56	67	98	51
44	86	99	62	30
85	24	23	46	18
65	90	72	80	28
41	36	74	92	27
70	68	65	91	52
62	11	98	85	31
38	23	56	26	55
30	70	86	74	78
43	96	85	11	73
93	77	46	65	11
53	90	39	67	76
94	83	85	93	63
52	89	23	38	80
96	70	83	34	93
46	29	45	57	42
75	29	90	25	93
47	87	87	26	66
45	27	76	16	43
96	12	87	84	99
18	27	23	32	18
31	25	85	59	86
64	13	32	42	16
49	72	61	52	66
46	76	20	49	33
90	50	26	35	56
14	15	96	36	11
15	58	71	61	66
30	92	41	94	87
67	10	86	25	54
81	42	46	52	51
45	81	19	35	81
16	26	65	81	41
98	74	92	34	58
28	100	64	65	93
11	27	71	81	78
83	63	14	83	83
33	92	62	87	54
10	27	45	45	17
36	35	22	28	37
50	99	81	40	42
74	81	95	47	56
86	21	59	12	16
17	52	46	14	66
53	68	51	100	50
36	98	55	20	88
26	43	94	41	38
25	15	62	10	75
37	35	40	12	54
39	99	80	91	21
40	68	45	25	16
67	48	19	80	57
10	86	60	94	82
97	87	35	96	75
93	17	12	82	91
38	47	63	63	96
32	41	63	99	91
11	89	35	90	99
69	15	32	17	42
11	88	61	47	63
30	95	20	37	10
27	73	76	50	67
24	83	89	65	76
28	95	60	71	28
23	59	74	97	13
59	94	53	73	27
97	53	65	81	29
47	100	69	45	98
38	22	18	60	80
62	32	70	100	10
91	88	31	88	68
63	15	59	42	37
20	65	85	40	43
51	88	35	41	66
86	89	38	50	88
34	81	67	21	25
82	55	80	52	16
87	11	66	10	54
71	48	95	42	90
99	66	29	96	51
56	11	76	42	63
47	50	78	90	45
16	63	100	14	40
48	50	29	18	79
19	12	63	91	90
89	56	97	34	36
50	68	13	75	99
54	32	13	71	68
99	33	11	61	37
13	77	73	96	96
29	30	46	35	31
97	64	69	60	88
65	28	11	73	88
37	47	66	13	68
54	11	43	74	65
92	53	96	25	12
98	91	84	41	19
66	38	20	28	61
26	39	27	13	40
33	16	19	46	87
14	62	67	13	14
42	33	41	13	49
47	41	40	92	42
67	17	79	17	87
18	10	77	100	68
44	52	75	25	83
94	90	73	94	31
90	21	76	81	98
69	20	19	60	99
68	21	61	10	86
81	85	40	53	57
58	62	25	97	53
89	54	76	42	46
53	83	28	81	22
51	95	92	66	80
21	92	100	64	95
90	43	61	21	68
97	73	44	29	84
48	71	99	90	83
73	65	21	64	68
28	61	65	42	89
16	89	52	88	63
63	20	83	42	74
57	63	40	34	61
20	22	62	11	11
88	21	17	32	18
63	62	63	22	12
14	97	13	83	38
94	46	70	84	97
10	73	36	18	81
68	78	66	65	69
39	35	56	74	87
73	71	59	34	37
29	81	18	98	81
100	91	50	72	73
31	93	30	97	72
26	47	68	78	76
52	48	65	37	94
65	54	92	93	41
25	86	83	84	82
41	64	31	71	58
51	59	25	85	46
48	21	47	60	28
62	68	55	93	27
20	61	47	25	33
65	19	83	55	99
15	41	45	46	71
36	44	29	74	93
31	18	74	98	71
52	35	100	78	93
92	94	49	96	81
42	42	44	11	30
48	88	21	60	69
27	44	88	56	19
27	90	41	77	74
35	64	25	60	76
81	82	33	14	52
54	94	92	69	12
47	42	68	39	19
24	43	52	37	77
14	12	88	65	65
84	51	78	11	22
46	19	21	58	94
59	69	13	34	25
73	64	23	36	70
69	48	90	16	42
48	82	51	63	68
52	99	39	16	17
37	38	88	78	77
27	21	16	27	89
82	17	33	94	89
24	90	11	92	49
19	52	61	48	21
18	29	39	13	89
28	74	36	18	10
32	20	28	58	66
74	31	32	27	85
27	10	92	100	17
26	16	69	66	28
74	41	22	59	90
55	86	29	22	18
49	61	85	69	37
12	63	15	22	71
91	73	30	18	37
56	57	84	34	36
49	62	12	90	91
28	48	92	15	14
67	78	80	79	54
16	21	18	74	92
96	93	46	87	20
61	66	30	32	80
75	93	70	16	66
49	25	87	99	74
89	14	89	91	81
83	67	50	78	46
96	29	10	53	83
16	67	60	93	41
58	37	32	55	66
94	41	36	50	14
73	73	90	97	43
83	49	51	78	27
42	72	67	56	47
37	82	93	74	22
55	89	75	91	19
100	17	50	27	34
39	65	75	66	11
82	21	64	25	78
84	13	34	78	57
72	73	73	88	32
37	37	44	69	31
82	49	39	39	23
40	78	69	74	51
53	12	11	17	68
27	45	50	81	50
74	73	26	91	63
23	58	77	83	80
49	64	77	14	26
85	29	64	28	46
14	30	46	37	36
99	44	77	29	99
71	50	33	97	45
84	70	70	20	48
78	38	47	83	25
40	46	74	57	44
27	61	85	79	45
24	79	37	63	11
19	61	18	53	29
71	14	40	80	24
39	17	99	25	62
61	49	54	93	33
43	100	44	47	91
80	75	45	18	88
85	88	85	11	13
35	35	90	55	100
37	77	14	94	93
66	25	40	76	33
76	51	15	85	90
98	73	50	79	70
39	28	80	25	14
23	56	26	54	72
23	75	60	60	82
41	35	71	82	65
24	70	14	54	52
48	69	53	91	68
53	64	45	99	47
23	51	60	53	75
33	27	60	10	69
48	66	49	77	49
86	22	68	80	97
13	61	59	65	49
64	62	36	18	18
58	28	87	74	82
70	38	21	75	38
42	60	39	54	96
50	87	90	61	28
42	21	71	76	58
19	75	79	44	56
33	59	33	33	24
89	24	59	72	19
82	25	85	81	39
28	20	82	73	78
75	62	81	10	90
98	24	91	70	64
65	60	10	79	17
17	22	82	72	100
99	16	24	53	60
74	94	99	66	31
37	78	47	83	40
97	42	72	62	85
20	27	98	96	43
100	84	77	14	26
94	10	69	55	64
63	31	58	28	76
28	60	48	77	99
97	95	28	44	13
94	57	33	13	26
49	96	36	46	37
51	62	29	83	100
34	27	10	91	86
91	29	36	74	20
14	83	27	67	10
16	87	73	26	66
21	40	41	34	12
56	95	41	17	47
54	21	33	85	25
97	82	13	98	76
82	96	27	73	84
27	14	26	42	58
22	23	12	49	74
76	64	68	52	43
64	88	95	32	60
100	54	43	63	10
27	39	11	12	79
73	23	51	50	38
63	79	16	74	22
80	50	32	28	91
60	32	23	98	25
40	22	18	79	19
10	96	25	94	87
77	12	35	43	77
44	41	32	33	82
10	19	73	99	85
77	79	99	63	13
57	13	70	22	82
15	32	24	53	94
96	83	38	91	57
59	62	28	64	28
23	54	82	26	14
47	46	43	70	90
29	48	27	57	100
28	81	40	14	44
55	87	59	24	24
100	86	72	98	79
15	77	69	99	35
75	46	30	49	94
49	10	78	30	82
27	86	34	51	82
54	98	92	15	99
43	45	65	10	31
70	19	81	74	26
13	75	98	56	75
42	73	45	96	67
56	35	25	72	39
41	13	40	18	59
39	44	45	73	91
18	63	75	15	28
58	85	39	93	90
64	50	77	62	52
10	98	28	74	11
46	35	31	61	82
69	15	35	94	38
86	98	90	16	38
95	30	45	42	41
40	87	68	70	41
49	32	12	33	28
34	73	40	16	75
32	49	37	26	69
56	15	93	22	16
80	70	11	48	99
41	61	19	70	69
12	23	28	67	73
75	28	41	58	35
75	42	45	20	89
28	83	75	59	97
12	10	11	67	10
59	56	61	73	88
47	71	81	11	18
48	92	67	21	31
81	81	93	16	74
70	71	37	15	23
36	15	21	50	62
12	55	84	85	63
85	78	37	62	88
34	67	10	62	79
95	46	57	84	29
90	11	90	29	94
57	26	69	31	26
87	28	35	13	89
62	43	33	96	90
94	84	95	10	97
21	55	98	55	46
67	10	23	24	26
36	72	59	99	93
24	47	58	52	70
97	77	85	43	43
87	34	27	82	67
97	59	80	33	48
29	66	93	60	38
63	13	81	65	48
38	84	24	19	96
45	79	26	71	98
15	54	95	92	26
29	60	19	62	33
24	98	20	22	25
58	25	26	45	16
47	84	18	51	27
53	25	30	92	11
48	65	80	22	51
16	70	98	23	42
74	41	21	78	88
98	76	70	10	91
98	72	51	44	84
85	56	24	15	57
58	86	32	53	67
51	94	36	92	87
66	41	73	15	53
41	94	32	14	44
71	20	97	26	71
95	58	63	64	17
70	20	42	27	66
35	50	36	84	77
45	49	52	10	12
66	60	20	65	77
45	35	38	62	17
75	27	61	72	44
66	75	11	37	51
67	31	23	78	76
57	68	23	80	13
33	35	16	81	67
59	86	16	75	48
48	40	62	48	45
74	38	39	85	44
50	78	90	91	56
36	37	32	63	88
18	59	58	67	22
46	60	83	51	56
61	97	57	63	32
86	62	92	38	67
70	72	15	34	74
60	95	86	43	90
25	83	39	96	23
25	88	82	14	37
65	63	52	96	62
46	94	51	86	80
76	82	12	47	100
88	56	14	28	51
71	47	55	97	14
34	39	28	91	28
76	30	46	78	13
74	36	78	57	99
21	83	43	19	45
16	100	55	57	20
85	85	21	48	20
26	32	42	42	70
16	25	93	11	11
83	90	24	51	75
41	31	88	14	44
82	51	73	79	89
80	22	52	97	49
54	98	42	93	37
32	35	75	80	29
39	88	84	53	20
35	43	85	86	61
91	47	19	89	71
57	47	57	72	75
30	15	47	14	36
16	55	32	67	46
93	44	11	65	23
97	84	46	82	55
13	52	72	10	45
26	39	89	71	100
95	90	39	47	13
56	10	50	91	14
36	91	27	42	95
27	73	70	95	70
33	25	91	40	74
28	64	26	64	43
36	23	87	97	19
84	57	96	68	46
99	22	10	98	41
10	50	90	95	48
15	73	76	90	75
37	19	98	18	39
31	21	70	85	91
53	48	22	99	26
97	48	91	88	91
22	28	61	14	50
40	45	59	73	44
53	37	48	90	85
13	92	69	100	67
67	25	34	17	41
29	16	95	75	82
53	50	28	40	10
38	84	39	25	87
30	28	82	83	50
66	10	75	37	21
44	100	33	19	84
11	10	62	45	26
13	44	90	65	58
24	56	97	37	14
93	75	60	69	33
92	33	40	68	54
56	45	27	46	60
60	42	79	57	73
50	14	62	10	11
44	30	11	81	30
47	67	78	76	62
84	33	60	78	39
34	44	36	14	99
42	64	24	91	74
16	84	77	49	79
17	90	62	22	52
47	22	65	36	30
36	41	99	56	98
38	44	68	16	78
99	57	63	72	37
36	60	39	33	25
75	50	53	95	82
97	87	91	40	40
34	79	41	14	28
12	91	52	63	56
62	23	59	66	28
35	39	41	15	41
45	76	97	92	15
35	96	69	57	70
25	26	32	96	79
42	57	87	87	72
61	77	39	57	65
81	60	71	86	74
18	63	84	96	45
97	33	42	15	71
84	32	22	47	65
66	27	95	19	74
87	68	39	88	80
22	67	93	23	28
19	86	28	49	10
83	27	26	84	92
81	62	18	86	24
12	28	17	81	75
43	98	52	41	31
61	93	42	86	32
79	18	93	91	96
13	15	30	79	55
50	84	55	74	83
84	39	82	24	87
19	100	89	61	96
65	56	39	97	39
66	52	52	84	18
47	13	37	93	83
92	82	99	82	15
46	91	64	82	18
22	20	81	52	79
28	79	51	24	37
14	59	88	65	70
25	19	34	11	11
47	24	69	36	28
12	29	14	50	47
51	51	43	62	57
77	59	38	55	84
53	18	64	27	19
19	38	97	43	60
90	40	57	66	19
36	71	39	51	48
73	53	16	51	12
52	11	15	41	60
39	48	21	28	73
47	79	45	96	68
60	75	26	55	46
20	88	36	95	24
56	81	56	16	10
45	46	21	85	95
58	47	22	52	79
83	90	81	81	73
58	37	79	71	37
100	49	75	65	12
99	39	84	64	49
38	29	70	13	23
84	72	50	54	24
44	12	67	41	53
12	33	13	78	32
11	34	45	76	78
38	79	29	55	12
51	35	65	90	53
91	32	73	60	25
33	12	52	95	24
50	34	12	93	68
53	78	79	45	98
77	43	59	94	54
69	90	33	70	100
15	73	87	77	39
16	44	42	51	80
26	14	40	65	45
48	40	71	61	12
52	64	70	26	69
24	32	56	99	31
49	10	99	78	75
26	62	72	40	47
75	74	11	52	23
76	33	72	98	95
91	39	100	23	21
85	75	50	45	79
52	62	86	81	70
29	77	54	100	78
24	64	11	79	48
84	80	74	70	98
59	98	32	70	63
59	25	17	75	44
71	71	70	64	85
94	17	37	24	93
12	96	69	53	85
32	86	45	84	62
89	95	26	26	86
56	88	84	71	35
93	21	13	33	32
16	91	61	87	63
61	83	27	86	49
90	14	48	54	19
14	77	24	21	33
94	94	19	39	72
73	70	33	57	66
19	48	14	33	53
48	20	12	72	15
59	13	13	79	40
75	61	92	89	11
11	94	79	14	12
37	99	76	57	39
100	27	100	73	62
60	24	69	89	70
38	44	100	98	49
31	84	10	41	85
97	100	72	12	25
44	26	31	49	14
84	52	11	32	29
56	82	62	28	55
30	14	25	69	72
43	34	60	56	41
66	66	45	25	100
54	63	80	21	55
79	52	23	46	83
51	89	59	80	11
29	81	36	97	41
53	81	41	77	25
56	52	92	78	55
97	76	51	93	31
34	10	35	38	55
58	77	38	38	14
61	66	62	52	78
52	91	15	38	48
75	55	85	85	82
13	55	27	78	65
87	47	95	31	92
48	96	61	54	95
80	16	73	10	29
82	77	74	16	58
80	86	73	95	43
48	71	59	60	75
53	61	23	95	78
100	77	51	40	73
98	42	50	13	37
99	78	77	40	32
41	33	28	80	100
70	100	14	79	73
79	54	14	17	34
45	13	51	100	71
29	69	16	84	14
96	12	29	25	25
36	85	40	56	19
54	32	69	62	26
94	93	26	52	99
88	82	15	49	41
30	11	43	70	82
31	60	70	35	46
74	96	65	65	53
95	72	49	88	18
48	29	44	84	75
13	61	13	26	77
11	15	32	56	45
66	84	70	49	77
30	53	47	67	31
78	32	54	68	55
84	24	62	50	50
18	72	72	38	42
38	85	99	67	13
63	99	25	67	76
18	98	58	30	81
49	93	48	47	85
46	20	20	100	40
53	17	68	38	82
80	55	56	96	43
43	32	39	50	56
50	71	31	18	13
76	96	42	33	89
36	70	20	38	89
21	66	57	54	11
25	49	71	75	19
54	72	73	51	32
37	30	47	66	68
76	26	55	86	33
33	35	12	80	100
46	69	92	77	78
66	90	11	23	48
99	83	49	97	32
85	30	75	23	22
68	45	72	37	57
43	59	29	34	81
80	68	74	33	89
83	43	38	97	45
68	39	28	90	87
58	89	64	11	99
40	28	56	45	71
81	95	13	38	88
18	55	99	74	70
72	15	56	21	47
50	43	90	37	31
94	77	98	78	44
17	38	100	50	80
14	54	54	63	30
91	81	29	75	63
21	82	78	72	87
33	28	30	33	61
15	90	36	69	90
28	82	48	37	43
15	83	24	59	32
34	68	20	82	33
70	86	11	85	98
60	62	28	16	32
98	46	16	90	32
87	25	48	18	41
59	35	95	79	63
17	48	33	88	46
71	66	12	57	37
44	85	31	34	58
90	88	57	81	92
23	60	83	88	69
35	30	94	75	76
13	49	43	88	71
91	69	34	10	23
55	27	61	77	90
16	75	31	57	38
22	25	17	99	17
24	100	29	65	59
44	98	87	93	17
86	54	62	54	27
90	67	99	39	59
74	57	23	26	98
34	88	53	50	47
58	85	59	75	10
89	95	64	88	64
13	11	10	19	81
59	62	22	41	23
60	96	82	64	56
81	88	33	55	92
17	85	15	22	72
15	63	49	31	16
24	51	28	32	11
29	79	87	68	17
53	37	70	27	43
17	52	65	21	23
64	32	75	50	53
49	90	74	58	72
43	83	95	36	12
31	15	34	61	13
98	31	89	46	92
40	85	40	76	44
97	32	34	89	71
87	77	56	53	92
92	65	23	39	56
95	90	23	11	53
36	87	20	45	93
97	93	33	55	64
71	10	57	41	65
82	79	49	56	41
83	39	80	87	55
36	69	13	77	93
40	55	62	24	43
45	69	10	44	36
99	71	32	16	17
67	27	62	12	41
24	70	41	31	21
58	86	50	44	76
80	56	61	54	46
93	20	76	21	98
78	47	24	12	69
19	45	75	100	29
28	21	57	13	74
60	35	80	98	15
67	46	13	31	58
89	14	82	82	70
86	78	67	81	98
72	93	17	96	24
50	64	72	66	82
70	39	15	56	35
78	45	28	91	46
18	35	66	49	26
21	75	99	24	43
18	28	80	63	13
84	12	44	70	89
45	91	19	55	68
37	100	80	36	92
28	95	23	80	81
83	34	76	80	72
65	98	74	24	94
85	33	95	90	11
10	18	41	69	73
38	97	75	50	43
100	69	98	52	82
97	64	42	33	64
76	93	36	61	37
72	21	81	22	25
49	48	32	51	74
75	45	62	26	78
24	88	84	67	15
19	31	46	71	66
53	59	81	86	79
76	58	26	86	94
96	64	12	22	52
26	34	84	35	91
48	84	38	74	26
77	59	60	22	34
90	87	24	82	84
47	99	58	54	55
13	94	92	90	32
45	74	24	31	60
68	50	94	83	23
53	17	66	45	74
38	37	80	10	34
37	87	59	33	83
50	100	53	80	47
76	70	17	75	18
50	63	27	45	70
97	36	50	14	95
100	92	22	95	19
35	23	73	55	21
16	93	30	91	16
80	38	49	26	12
68	34	38	77	48
40	26	13	52	86
75	15	28	97	77
31	84	74	63	48
75	43	12	34	39
58	80	42	19	49
98	50	30	34	64
56	41	89	10	78
70	44	43	66	23
62	76	45	85	88
41	56	13	85	79
100	15	43	84	40
58	37	27	21	79
89	14	65	85	47
100	71	41	11	45
50	68	20	20	25
85	23	39	31	71
52	65	70	31	88
63	63	93	35	85
62	30	12	38	42
46	44	76	48	45
93	46	67	84	78
26	36	54	47	32
12	46	43	74	65
14	86	62	90	91
61	39	20	59	72
63	69	30	45	41
94	37	25	15	92
21	11	68	49	18
66	87	86	18	45
94	97	34	25	28
56	92	47	76	50
100	66	51	82	70
91	60	58	64	26
15	97	50	43	36
76	28	87	31	69
90	74	97	43	63
55	44	62	55	63
65	92	100	21	10
91	96	43	44	41
76	95	34	69	23
92	11	76	71	32
34	80	16	62	75
67	25	34	14	34
53	66	14	31	92
81	80	15	14	10
37	94	13	27	77
81	85	72	29	59
74	11	30	90	84
83	38	26	67	90
95	69	37	50	92
69	90	54	81	86
20	71	24	55	82
88	77	44	65	90
14	61	75	59	89
58	90	53	48	82
51	15	93	49	62
34	48	49	99	13
96	18	84	27	53
100	34	10	79	27
20	11	30	69	37
95	71	39	26	17
62	75	72	94	35
80	30	81	36	25
94	68	23	40	26
37	69	70	89	66
61	47	50	37	27
23	65	45	80	83
35	58	74	94	71
43	69	89	19	86
36	43	58	72	29
62	98	41	30	71
12	71	28	60	40
59	23	49	22	13
20	98	64	18	92
86	22	80	81	97
35	94	45	100	51
66	61	15	76	87
20	84	65	27	45
36	94	31	82	89
86	45	25	69	26
91	44	56	64	15
35	55	30	49	76
11	47	100	14	11
33	15	91	57	68
45	82	45	31	81
57	78	13	61	65
13	36	90	62	87
38	100	37	100	42
57	81	32	97	89
46	43	14	75	17
59	13	37	22	26
76	60	41	49	24
89	53	85	15	83
55	50	86	19	12
24	17	17	35	100
55	70	85	24	60
62	82	44	39	54
46	45	13	59	71
48	73	48	23	90
19	30	100	77	55
35	46	76	54	55
62	71	80	55	43
17	17	95	91	69
55	27	50	75	28
32	36	80	15	100
53	67	35	85	46
72	68	70	24	24
31	56	62	77	98
29	69	26	43	49
10	97	36	36	66
78	78	67	95	92
33	35	71	21	43
100	99	84	51	73
17	14	46	40	100
100	63	73	33	32
12	19	46	96	75
88	71	26	88	92
71	100	67	73	53
26	55	72	95	32
72	33	94	43	79
36	95	56	77	89
73	86	87	58	38
100	28	13	22	18
30	21	77	22	47
13	74	69	12	71
55	18	90	23	32
91	13	65	94	63
31	39	79	45	49
90	33	99	58	69
65	50	42	24	99
12	75	72	17	68
95	72	31	59	95
42	13	34	26	31
91	28	59	72	31
53	57	11	69	52
27	98	59	12	22
79	76	53	70	20
62	27	93	22	46
88	47	22	32	81
12	93	31	98	55
70	47	77	15	55
22	68	18	33	98
71	69	61	54	46
77	93	23	66	85
78	33	20	71	10
91	64	45	12	83
28	76	24	21	34
28	35	91	75	63
91	61	73	52	86
93	85	35	57	28
77	27	10	25	49
43	92	86	77	100
53	48	23	43	94
17	71	38	64	42
82	71	10	73	13
30	25	50	21	20
97	48	70	25	63
18	70	87	18	32
86	72	94	76	23
83	40	74	85	77
68	31	36	79	24
94	52	47	29	36
75	75	28	84	90
60	70	99	40	20
41	29	72	33	40
31	38	67	68	54
58	64	16	19	27
21	100	14	56	44
30	52	24	15	83
51	72	57	80	67
68	72	64	90	63
49	15	63	33	58
22	61	86	52	24
96	59	58	17	79
44	21	20	37	71
11	28	21	15	51
45	76	38	75	13
29	42	46	84	94
32	57	100	17	58
66	62	76	77	23
97	34	78	38	10
41	15	24	22	59
45	82	45	63	66
47	65	30	82	47
36	22	11	83	22
95	87	91	25	26
71	85	63	61	93
82	89	22	82	19
31	66	75	33	68
82	23	65	11	35
65	62	76	57	94
83	45	63	60	42
64	27	97	18	54
26	77	37	31	84
34	70	63	71	74
18	71	16	68	99
59	33	33	21	15
45	87	49	70	86
30	79	36	79	51
79	65	37	45	55
70	73	32	69	19
48	87	31	95	22
42	77	13	50	81
56	79	27	77	50
14	48	93	36	17
14	13	77	34	71
72	56	82	58	19
14	54	35	74	70
55	81	55	35	97
72	93	15	42	84
34	50	98	34	20
10	31	86	98	42
14	48	13	42	85
14	86	17	83	24
67	30	37	17	44
61	50	92	99	16
90	72	72	82	16
11	91	56	72	18
67	90	39	14	63
51	86	31	87	36
93	15	60	99	17
67	74	85	67	61
35	64	88	83	15
29	52	27	19	21
75	60	73	41	18
43	81	13	15	90
30	80	78	26	23
76	81	19	92	93
95	76	24	41	88
100	24	95	84	61
11	26	92	17	90
82	48	41	35	28
18	88	14	94	96
46	12	85	89	71
82	100	17	80	40
88	58	57	100	65
90	65	34	36	61
85	61	89	23	62
65	65	19	69	98
12	81	26	73	75
86	55	30	10	27
90	47	66	62	50
91	61	29	81	42
45	85	16	28	13
75	67	14	71	15
47	56	93	75	74
84	41	79	19	21
76	96	39	71	36
20	95	51	61	61
83	83	78	81	86
79	16	16	94	38
45	55	58	10	86
79	50	71	57	36
98	33	49	86	70
53	59	11	44	91
54	94	29	69	66
60	82	65	20	76
21	65	60	55	36
34	50	19	44	88
93	15	52	72	19
35	17	66	70	50
87	56	57	79	63
33	82	76	74	93
68	62	64	89	15
66	17	28	23	55
34	92	58	37	35
90	70	76	54	87
52	31	45	25	15
29	99	100	16	33
33	94	13	98	29
95	18	83	44	35
99	22	30	63	30
36	84	19	11	69
38	46	50	65	91
95	55	46	24	35
97	35	21	34	40
61	53	76	58	80
55	18	90	95	71
99	76	29	79	86
76	99	29	53	78
35	80	76	68	89
87	74	66	13	39
17	16	57	32	27
48	60	17	11	24
89	27	33	29	61
89	99	40	30	35
90	68	93	69	19
57	80	84	80	90
79	27	49	11	30
87	84	81	28	30
47	49	90	46	75
48	58	16	37	22
11	11	30	74	42
21	11	15	34	96
62	97	13	51	87
51	28	67	70	11
80	32	18	12	82
71	62	30	77	94
20	52	98	48	80
80	98	34	66	89
20	90	27	39	53
56	96	25	72	77
77	72	47	40	18
46	93	21	37	77
25	81	86	66	66
65	22	97	24	96
78	33	61	10	23
47	43	92	86	28
91	34	10	23	93
58	22	59	89	62
73	44	81	36	76
50	20	97	53	42
62	79	25	88	50
45	34	73	64	64
62	74	36	56	54
58	82	23	43	56
17	16	76	69	76
95	69	85	44	52
24	68	60	73	16
57	31	96	51	10
97	59	10	73	91
22	35	47	25	10
42	89	50	19	68
68	52	68	76	66
67	88	89	34	18
42	28	16	64	73
13	56	67	71	84
87	79	40	94	49
31	86	23	71	35
21	53	84	84	37
41	67	20	89	36
85	83	99	35	69
29	98	52	16	80
20	43	44	71	36
46	38	42	52	31
95	73	45	39	46
35	71	45	51	45
26	51	67	56	92
50	97	86	59	31
72	54	98	42	26
77	87	42	23	68
75	34	84	47	93
98	58	54	87	39
66	53	90	49	53
56	43	12	15	54
70	33	75	52	22
83	15	49	37	27
89	61	50	86	74
91	37	10	20	40
47	73	43	32	89
30	74	40	70	59
15	82	11	62	42
64	33	95	30	13
74	57	78	96	77
75	74	86	99	74
24	20	80	29	50
49	40	75	22	43
40	49	24	34	22
19	17	78	92	77
94	10	97	79	33
76	90	32	49	97
14	86	13	65	16
41	53	86	40	86
81	21	44	84	52
55	65	70	30	35
99	61	24	35	64
84	62	32	20	43
25	36	88	41	99
52	40	49	48	49
30	38	64	51	49
62	45	44	57	62
13	57	96	23	58
77	28	90	85	33
66	23	38	99	84
27	82	44	75	79
78	43	51	34	29
64	49	76	68	35
83	50	88	68	60
32	60	10	88	72
13	86	69	80	93
100	53	69	59	71
64	53	26	85	88
61	68	37	59	86
81	25	60	59	76
43	51	50	45	66
53	23	41	46	26
31	67	94	41	20
28	11	95	77	37
74	100	11	77	93
84	24	23	92	95
55	94	12	82	24
64	90	78	38	69
46	21	56	89	57
17	47	39	32	86
45	34	18	37	51
67	78	39	67	11
36	69	79	89	34
74	50	60	15	70
98	70	64	62	48
37	71	38	89	95
36	75	11	10	25
100	13	89	95	53
70	69	97	44	78
56	89	92	100	83
86	51	100	77	11
18	52	64	40	56
99	33	42	64	61
10	71	63	41	33
56	43	44	55	72
37	34	12	54	81
24	42	26	91	58
79	55	92	42	69
69	23	42	14	55
19	25	80	23	96
68	48	89	72	14
75	76	87	31	58
81	78	17	40	19
82	41	84	13	70
33	27	49	19	43
79	33	63	20	17
76	97	95	15	69
52	61	87	94	34
16	62	94	64	74
82	90	84	34	79
96	10	49	47	52
82	32	50	27	93
71	53	80	31	74
53	95	37	59	13
98	38	28	66	46
23	24	95	80	81
36	54	100	65	55
96	62	45	87	16
79	38	63	43	22
89	66	13	51	45
31	33	73	76	92
61	84	40	66	59
30	94	82	95	28
86	17	13	98	24
80	60	93	47	42
35	36	38	36	91
38	64	17	68	27
89	45	39	18	27
57	26	97	13	58
69	19	48	80	47
53	70	21	69	97
33	38	66	10	32
33	24	96	35	19
72	50	13	42	83
90	96	59	89	97
46	86	12	37	47
49	15	22	68	56
74	43	99	31	83
99	73	29	35	53
32	73	51	96	73
34	17	76	88	44
54	32	19	59	22
37	70	27	72	86
90	27	96	88	69
33	14	32	87	47
77	83	33	42	50
64	58	82	98	69
53	55	81	40	66
21	26	53	71	31
17	85	85	48	69
34	34	78	63	70
92	88	59	78	22
42	95	92	77	92
43	42	11	35	55
92	50	39	42	20
30	70	56	29	22
49	10	21	87	34
96	26	34	82	34
35	40	69	29	23
76	12	82	89	53
74	83	17	24	55
90	25	38	38	86
69	24	82	16	44
60	49	14	35	77
30	78	80	60	86
92	37	51	43	66
46	50	61	60	44
95	47	35	67	50
16	19	42	26	78
74	41	71	56	30
92	68	25	77	77
81	99	99	23	47
81	68	90	23	82
100	79	44	11	25
63	74	17	31	27
89	80	80	44	43
45	100	26	51	76
42	36	28	29	99
34	19	18	85	38
30	19	20	14	99
64	95	60	68	32
69	95	19	52	55
22	95	83	56	24
54	68	36	14	66
68	49	46	74	45
67	96	59	78	81
81	23	99	66	23
82	90	88	72	69
21	85	31	12	89
80	57	46	41	25
85	96	11	60	22
83	16	100	87	22
28	55	32	41	93
93	86	30	94	43
93	95	56	29	74
76	78	59	100	84
18	75	52	99	86
91	27	11	40	17
87	66	90	37	32
54	98	59	55	34
11	17	65	26	81
61	21	100	53	43
99	87	44	40	63
20	43	91	84	86
67	65	70	54	14
18	33	45	35	39
43	76	97	46	25
11	38	92	20	95
31	99	69	66	35
55	79	94	78	55
47	40	100	18	76
26	41	93	76	32
12	63	19	20	36
66	26	49	29	79
42	39	80	56	88
24	69	28	96	22
27	36	31	90	95
13	29	64	17	76
69	97	18	91	22
46	27	28	50	73
68	91	58	40	61
22	33	98	34	75
19	70	47	54	47
20	13	80	85	50
82	88	46	15	18
47	40	96	25	96
61	15	52	36	68
94	80	97	31	56
45	53	94	23	69
41	16	58	38	17
88	30	24	71	73
31	90	94	83	87
32	61	28	21	35
55	25	90	99	75
50	44	88	82	59
42	92	22	45	60
22	80	77	23	59
20	61	90	85	59
40	79	12	47	35
78	52	65	94	15
22	59	38	36	53
90	37	43	34	48
33	39	42	54	93
16	87	63	34	69
80	95	50	53	89
59	41	63	11	79
84	70	21	30	34
60	98	20	45	94
19	15	29	77	98
53	58	28	51	85
90	11	11	71	13
67	45	66	42	15
65	61	71	70	53
51	10	61	73	61
67	68	12	97	90
55	53	33	41	55
51	60	63	65	61
84	79	90	40	31
46	65	66	74	61
71	42	100	18	59
13	99	10	99	90
57	77	45	18	66
34	68	48	84	59
38	71	99	76	86
10	90	48	73	94
11	17	59	78	43
29	61	59	22	80
85	59	45	53	49
100	65	16	68	35
20	56	92	44	22
53	25	74	35	59
88	60	57	64	16
50	74	49	32	39
98	87	24	12	20
27	78	11	80	21
68	33	73	58	86
33	88	16	57	14
46	28	59	98	100
93	83	15	36	27
79	71	31	34	46
39	93	11	23	97
26	10	54	94	31
42	70	30	33	83
58	79	28	94	11
50	56	86	76	20
73	54	10	72	66
100	74	57	91	44
21	100	15	30	57
93	38	53	39	74
98	84	89	41	50
10	11	20	33	86
47	80	35	85	62
22	33	13	22	19
40	49	66	22	80
48	86	89	41	90
23	91	26	94	84
15	55	41	50	61
52	67	37	36	15
82	63	41	73	85
88	42	86	31	53
21	29	36	67	39
56	29	50	88	18
49	28	52	91	86
91	27	87	63	43
16	53	71	20	23
59	87	79	49	59
100	43	89	28	84
26	99	42	71	31
94	78	12	84	77
17	63	41	54	57
75	72	54	84	34
13	24	60	38	55
82	58	62	46	48
91	100	59	59	17
16	59	97	86	83
54	16	74	61	59
79	59	90	64	85
19	44	33	31	22
66	50	11	11	52
75	54	29	74	68
68	18	85	63	68
78	48	81	28	96
42	97	62	83	41
72	36	36	50	65
86	45	64	29	56
46	49	10	17	74
17	21	42	35	65
37	84	82	26	80
33	43	39	16	66
54	16	86	60	32
92	86	96	10	41
67	92	16	50	19
75	13	82	88	99
27	65	66	70	16
53	91	88	51	50
79	90	52	59	89
58	16	85	13	10
60	58	47	38	40
66	58	89	91	39
17	42	69	49	37
87	72	74	51	97
15	88	53	46	28
11	92	31	14	56
60	54	33	47	65
32	36	17	99	20
80	63	41	84	53
42	98	100	87	68
26	63	43	56	39
37	43	69	44	31
71	72	28	54	50
47	40	12	74	70
96	25	50	43	32
33	14	34	31	87
54	72	26	63	29
56	22	66	91	10
71	82	23	59	23
63	18	65	49	71
23	28	55	100	16
52	84	63	98	76
81	98	14	75	33
46	46	72	81	69
89	62	74	85	97
30	65	64	24	100
100	83	77	57	99
87	26	92	99	45
71	31	35	67	78
60	92	42	79	57
19	30	26	70	18
88	94	82	30	42
47	84	33	44	41
55	100	36	30	11
71	84	27	86	81
95	97	93	51	76
89	50	38	72	58
17	60	39	26	24
15	81	57	48	83
79	19	99	11	93
18	89	35	62	34
61	93	72	96	95
91	41	45	33	12
98	54	79	35	19
62	13	54	95	63
75	76	87	85	83
12	52	63	26	58
24	62	15	80	47
30	88	12	57	33
67	59	44	60	37
21	61	27	16	55
77	26	23	33	94
87	19	87	45	24
11	19	73	17	81
10	27	98	67	41
44	18	13	19	45
92	14	58	88	46
93	44	18	96	88
99	19	21	73	90
86	91	11	54	49
46	56	70	80	56
91	28	78	72	82
93	16	88	34	21
60	61	56	55	13
38	49	16	16	14
47	81	24	20	59
35	37	10	11	50
46	44	13	50	73
29	51	76	42	61
19	54	16	25	98
14	53	32	15	53
100	98	84	23	22
87	44	23	92	71
58	11	77	35	70
44	48	29	93	48
71	68	71	28	54
67	63	98	13	18
49	44	88	26	49
64	15	11	56	89
64	89	23	62	25
28	64	71	98	25
40	72	82	24	60
63	40	70	86	30
56	78	70	75	85
18	15	55	92	49
63	39	57	65	66
18	28	89	40	61
74	15	66	40	87
76	27	14	62	37
62	25	34	98	13
37	65	36	40	19
47	46	53	32	48
11	87	94	81	32
61	33	84	69	27
89	95	13	30	99
75	59	27	78	36
38	49	57	40	58
71	49	89	13	24
29	88	10	87	41
82	69	25	18	61
51	64	17	67	37
12	40	36	22	83
57	61	49	24	60
95	33	92	71	86
88	38	26	48	81
53	40	65	42	48
68	90	80	32	56
17	82	51	56	60
41	69	13	42	64
50	98	69	59	78
24	68	13	71	51
45	26	84	56	51
78	71	44	75	37
16	14	16	52	45
32	91	35	68	12
48	27	37	53	56
59	91	27	32	48
35	38	80	78	86
82	21	32	36	53
55	23	68	56	96
65	89	55	92	62
86	58	66	83	36
74	36	85	10	52
46	88	51	75	57
52	90	89	14	93
21	68	19	79	56
59	89	44	16	86
67	65	97	16	46
88	78	27	81	51
17	32	96	32	83
97	45	65	91	64
62	92	95	21	50
62	74	40	71	48
24	100	35	97	90
96	39	76	24	10
90	53	100	66	68
42	74	18	99	14
14	84	74	23	28
97	81	97	66	61
84	90	83	94	13
23	78	77	97	97
20	99	84	61	23
74	57	99	95	31
10	66	54	23	64
10	87	65	34	16
45	74	84	20	51
93	50	65	36	13
30	85	91	98	88
75	86	30	17	71
69	49	68	99	44
72	34	52	17	43
70	64	87	41	34
12	88	82	46	54
62	98	64	64	97
45	86	98	90	49
36	66	74	28	44
42	57	73	19	30
38	20	15	72	25
44	12	16	71	86
28	31	50	69	11
50	77	99	23	88
67	63	78	30	58
92	76	90	26	40
19	35	36	21	96
47	70	32	80	35
36	38	97	99	18
59	44	91	78	39
92	76	44	29	66
60	25	65	69	32
85	34	99	67	89
100	56	55	91	99
89	30	81	26	81
11	87	73	34	11
42	84	89	57	81
66	79	29	54	53
83	72	12	38	25
97	84	72	65	32
58	78	81	35	37
70	74	41	70	46
57	10	11	36	61
96	80	63	58	59
23	39	19	53	98
59	93	64	11	58
13	90	62	78	54
87	29	65	67	68
86	41	10	35	28
100	34	86	48	28
69	95	89	38	44
79	78	74	79	12
59	37	50	32	19
79	53	23	72	33
42	87	31	97	15
37	58	53	68	90
32	18	39	29	16
83	39	33	12	47
24	90	98	64	75
55	25	39	41	45
81	67	52	81	46
47	21	34	16	42
12	55	30	29	86
33	39	14	47	60
63	74	58	49	38
21	78	50	22	11
50	92	15	30	97
87	71	74	31	58
21	28	46	91	21
77	11	82	41	65
10	82	61	64	65
49	81	31	33	21
21	97	100	31	10
60	62	21	41	36
77	87	90	51	92
99	95	57	81	73
20	83	61	39	39
47	80	40	56	60
28	82	34	100	14
72	92	23	31	23
18	13	84	23	19
14	42	11	67	27
64	97	78	98	24
86	53	72	67	93
42	74	76	29	98
37	69	20	47	73
93	11	30	82	11
34	18	44	39	18
84	69	56	25	28
79	83	57	79	92
68	39	59	92	39
68	41	97	14	69
35	10	32	96	45
34	25	13	66	56
74	76	12	44	34
28	89	91	43	63
26	26	63	86	44
41	75	54	64	77
66	81	79	98	49
17	96	20	18	23
18	21	47	50	15
58	74	29	48	75
68	92	11	51	11
88	13	36	99	75
12	66	30	20	17
56	71	60	91	55
50	51	52	17	52
60	34	85	98	26
59	48	26	43	22
96	74	84	88	73
60	19	88	47	65
96	58	28	77	16
98	26	19	17	29
24	54	54	89	99
19	78	87	23	30
97	38	42	79	35
31	91	79	43	68
95	24	15	99	52
16	22	51	24	52
65	47	60	54	73
69	40	16	23	40
52	19	99	24	75
96	98	33	14	90
84	90	28	85	51
87	11	81	41	55
77	20	47	79	35
23	46	26	21	16
91	61	74	57	33
74	68	30	68	89
25	60	54	79	63
84	75	81	42	59
97	42	91	74	44
22	60	41	26	39
26	55	19	54	13
53	81	77	100	31
36	56	97	10	81
71	71	100	11	91
10	68	100	76	13
67	78	90	30	47
98	12	93	50	100
52	17	94	47	10
22	83	72	69	67
21	54	51	29	36
42	16	71	45	71
27	87	10	22	63
18	26	68	40	21
55	65	22	90	92
77	32	53	81	70
90	50	17	79	47
31	63	27	17	53
30	61	59	45	60
67	23	76	95	25
17	97	72	58	80
70	39	86	61	20
25	62	97	75	15
98	81	30	95	26
74	53	12	74	13
77	78	86	48	56
74	84	56	89	39
74	11	84	79	90
43	13	74	90	20
90	66	69	11	63
83	55	21	71	41
99	82	66	89	32
77	51	24	99	47
62	65	95	15	86
36	88	10	55	13
48	99	95	43	67
17	18	99	76	48
51	24	29	80	22
24	39	65	38	78
83	48	68	81	56
63	13	84	63	38
14	13	28	40	43
54	48	54	55	16
89	79	60	28	74
34	28	48	99	60
93	57	69	65	53
52	93	30	70	69
11	81	76	76	21
88	14	77	37	40
34	61	76	56	17
92	38	97	76	74
78	21	42	36	44
42	38	46	26	25
19	56	68	78	17
25	88	85	72	20
66	12	85	76	16
85	59	41	43	28
59	33	38	79	85
17	61	100	96	17
48	64	84	52	11
85	17	34	56	70
12	33	91	76	40
82	37	10	29	77
25	22	67	12	69
36	34	30	96	11
32	44	99	79	15
100	59	99	28	26
31	43	75	86	38
13	27	19	42	42
43	61	55	81	76
16	19	17	27	89
100	63	24	99	73
54	59	78	10	93
53	96	79	54	69
35	85	42	99	54
56	21	63	82	17
70	28	15	32	71
79	68	78	26	73
14	30	73	34	67
75	89	33	34	49
31	29	69	62	56
44	73	31	40	36
59	97	29	55	41
46	13	78	49	99
67	11	67	20	67
30	30	51	78	62
30	51	37	97	68
58	27	46	78	54
40	99	16	26	71
67	84	18	46	89
93	48	30	37	26
19	45	49	28	78
72	11	30	64	14
99	29	99	93	96
56	72	17	90	95
88	74	75	68	85
73	75	50	45	62
80	35	44	57	17
33	93	18	59	68
59	14	68	84	70
98	31	67	46	24
61	64	14	23	25
96	47	82	85	79
30	87	79	95	56
52	76	43	98	13
66	11	56	19	36
59	83	63	82	88
35	21	73	62	63
36	28	19	55	56
62	89	40	76	12
56	84	30	39	70
89	78	24	97	89
17	16	71	61	88
77	99	40	37	93
64	40	17	80	13
48	69	69	29	64
21	16	37	13	64
61	78	35	94	24
73	49	86	57	43
49	11	93	25	23
59	63	44	68	82
69	62	51	58	92
57	74	24	11	32
88	18	45	94	69
80	81	22	70	99
40	80	90	44	88
85	82	54	17	23
40	25	14	93	58
98	59	95	23	53
68	44	49	67	84
99	93	69	52	43
99	38	70	64	43
95	74	28	28	34
88	61	21	61	78
11	91	28	42	11
96	25	23	56	49
77	24	48	95	40
97	74	14	40	40
70	85	44	80	18
54	99	56	100	52
54	23	33	24	19
92	65	31	91	83
83	25	47	92	55
28	34	17	82	22
69	73	49	95	28
39	73	68	13	16
72	60	46	55	68
63	27	48	27	93
92	61	23	72	22
49	39	32	69	53
20	42	38	74	80
93	73	100	69	28
95	37	79	90	52
76	93	38	38	76
71	34	68	41	23
81	89	53	30	44
43	87	71	24	80
84	64	60	66	43
70	48	55	59	17
76	43	17	22	15
15	68	12	94	79
83	13	94	76	68
61	46	64	87	60
76	97	55	22	23
75	35	63	94	37
36	12	84	18	95
89	83	46	29	65
50	18	23	94	25
54	47	14	52	42
82	76	91	63	84
82	68	79	23	30
28	76	73	80	43
83	98	38	92	33
30	89	28	45	79
31	52	75	96	97
96	94	46	17	88
37	69	23	82	41
53	46	93	82	21
20	91	44	99	53
70	78	24	57	24
26	87	77	30	87
13	40	36	21	59
79	54	50	99	34
28	69	94	53	41
84	70	79	24	30
41	38	75	97	55
79	16	52	79	29
59	53	77	47	75
44	83	12	88	75
46	90	74	74	96
12	39	74	82	82
50	31	12	13	61
54	66	86	30	99
87	81	85	22	45
76	82	74	40	94
51	45	54	19	70
16	95	34	73	96
23	20	51	50	34
43	22	79	85	29
50	55	87	42	89
77	93	27	69	91
11	22	48	58	41
89	84	52	68	13
22	69	39	54	78
68	36	56	22	67
39	13	36	34	72
36	17	73	52	62
51	47	87	43	45
28	87	59	28	72
73	50	98	50	10
27	78	69	60	62
17	23	76	58	79
57	22	85	79	53
14	56	38	24	92
38	56	48	12	51
69	100	90	55	15
71	95	39	16	100
84	92	60	20	55
96	44	90	60	27
32	59	80	54	50
30	35	32	58	48
94	79	71	87	39
23	90	27	12	12
86	14	43	91	84
80	29	87	100	43
77	85	97	37	28
92	23	15	27	64
76	76	53	53	10
41	21	30	94	57
15	42	48	44	55
72	51	20	46	45
17	98	21	99	51
63	14	45	45	36
87	69	55	29	23
26	48	93	30	68
93	73	43	73	37
41	80	94	63	82
19	44	61	25	60
26	36	13	44	29
65	32	38	73	76
95	15	74	47	41
28	11	51	50	16
56	65	85	23	10
16	82	13	46	83
75	61	85	21	15
72	79	56	87	96
93	12	39	75	87
93	100	43	96	81
73	78	96	61	81
43	43	40	19	11
99	79	74	54	93
85	36	90	96	56
81	90	44	89	53
43	23	65	84	94
63	78	52	97	35
25	29	67	28	97
42	12	41	25	14
14	83	26	96	44
92	18	33	90	36
44	78	93	26	13
34	75	70	40	97
91	40	58	95	16
73	96	49	77	51
29	69	63	52	64
38	18	95	100	51
40	71	44	81	57
62	26	36	25	40
81	81	12	52	69
69	34	94	28	100
20	70	34	59	10
19	95	97	71	32
41	63	29	45	13
67	56	62	68	56
74	31	96	95	28
12	93	89	18	32
17	76	44	92	75
88	24	96	35	12
86	78	33	44	25
71	39	23	97	29
48	79	12	79	39
97	60	62	69	70
58	28	64	11	54
48	22	42	31	80
20	64	81	18	23
22	20	75	27	57
79	97	22	73	100
43	17	94	37	89
49	50	14	15	36
26	30	72	96	48
88	15	40	31	19
70	79	23	14	40
97	88	57	55	29
51	61	38	45	95
18	99	73	59	76
68	43	85	87	28
57	26	25	37	28
28	98	48	11	39
23	47	72	20	86
82	98	20	57	25
16	20	68	70	25
96	85	73	16	20
84	80	42	30	69
74	44	45	98	66
92	23	41	74	44
56	21	37	42	40
65	82	15	60	43
87	13	91	10	74
72	29	25	13	67
40	90	95	47	24
40	14	45	45	46
61	87	82	64	65
30	58	17	46	73
52	85	64	84	33
45	93	20	46	44
17	46	86	98	48
70	86	75	84	60
76	38	38	95	70
41	32	72	96	85
28	64	45	15	20
25	57	13	64	34
37	33	100	49	48
30	89	77	20	78
31	47	36	18	76
63	48	64	35	15
11	84	36	95	35
85	81	78	48	97
45	93	87	95	15
62	15	59	32	39
34	91	30	45	27
13	20	52	29	33
37	82	97	97	96
54	76	98	38	21
36	23	49	55	58
23	75	96	88	90
19	77	63	57	47
88	17	63	29	17
86	66	46	19	69
26	64	73	16	80
49	49	100	46	64
70	67	41	10	45
80	15	32	86	16
99	10	73	92	12
59	57	70	77	31
54	92	58	53	43
20	94	56	68	49
40	89	35	22	23
64	73	28	50	13
45	33	14	89	49
51	36	21	19	45
33	84	81	40	84
93	19	80	25	38
68	23	88	76	31
50	72	71	94	52
14	68	87	73	91
86	73	92	94	77
49	71	86	73	92
76	74	85	13	18
43	30	36	80	24
88	57	27	60	61
33	40	61	22	61
58	53	92	58	59
13	91	54	97	80
94	19	41	80	96
50	82	95	72	94
59	36	90	35	81
19	27	11	58	97
16	64	43	34	67
37	20	98	42	86
55	73	10	58	54
12	27	92	62	64
65	50	31	89	70
43	50	77	29	87
79	18	58	75	15
61	50	89	14	77
49	42	79	39	77
95	66	39	53	71
80	54	18	46	100
61	60	68	72	50
74	78	20	62	90
48	66	44	30	50
41	77	78	18	25
25	86	91	56	57
12	16	56	29	29
65	68	49	29	45
57	43	16	83	97
73	80	42	98	33
56	69	43	45	43
68	35	28	21	80
98	83	22	94	68
34	53	98	30	39
37	70	46	74	28
56	81	23	64	18
76	34	67	32	43
54	94	17	67	95
75	46	22	44	69
44	37	40	100	60
84	51	16	78	60
17	12	55	47	42
46	49	71	55	53
73	25	97	48	65
73	66	78	47	31
12	96	73	88	100
29	51	57	92	33
27	38	21	16	51
35	45	73	33	32
46	33	21	90	29
39	44	23	47	73
15	58	76	36	63
31	29	26	78	76
31	20	48	81	80
39	83	31	12	42
85	61	40	76	11
90	51	39	95	14
60	51	92	60	25
47	20	50	58	59
98	21	99	43	22
43	22	27	73	15
73	99	24	89	58
36	37	79	39	56
86	76	81	90	32
81	90	43	45	11
66	82	39	78	61
90	69	33	30	93
62	62	100	72	68
48	93	67	38	38
91	68	11	70	13
23	76	51	54	34
39	21	62	43	80
27	30	40	56	60
62	100	34	22	56
33	83	69	66	27
69	99	18	10	87
79	31	63	33	40
72	13	44	47	26
79	52	75	96	76
87	83	98	18	60
17	67	59	21	61
87	25	48	97	58
97	93	68	17	14
90	52	72	24	93
64	42	12	18	77
12	69	58	39	40
50	52	80	21	72
14	69	48	35	88
22	54	24	22	85
100	11	37	71	97
89	19	33	23	50
98	73	77	74	46
16	96	69	50	42
28	90	36	72	15
87	94	32	16	18
19	62	93	86	99
77	85	32	87	45
46	47	43	30	28
74	33	92	36	62
89	56	36	62	84
59	12	13	43	66
32	60	37	52	74
74	26	41	60	10
24	53	54	49	74
21	49	57	43	34
57	17	96	11	84
100	42	55	62	39
92	66	14	29	38
14	21	72	77	70
71	55	68	43	90
25	62	80	66	77
92	90	38	26	23
95	65	55	18	41
97	40	51	72	10
92	46	46	61	80
10	81	89	94	15
19	48	13	47	28
60	47	76	33	93
88	59	18	81	76
42	77	62	36	51
99	29	95	58	48
54	22	31	97	67
29	85	26	51	89
14	54	92	63	87
11	44	71	99	62
55	17	87	83	62
57	46	75	28	44
45	26	79	32	58
33	25	74	37	20
56	31	31	68	97
86	90	66	72	61
38	98	93	81	28
59	48	23	81	67
63	35	56	20	83
39	49	87	14	18
98	17	70	38	92
35	21	67	52	16
65	100	45	48	59
37	87	88	81	49
65	78	73	71	96
57	22	42	44	41
100	89	73	56	43
96	76	28	89	83
51	42	27	34	100
75	45	35	47	78
16	91	16	50	39
21	63	49	49	26
96	11	88	36	28
94	32	36	20	99
78	19	23	13	86
12	72	76	96	29
89	59	50	45	66
79	17	24	64	14
57	33	71	75	76
66	97	52	67	89
67	73	19	59	10
19	58	37	29	93
36	30	28	97	51
36	63	100	61	31
51	31	55	76	27
51	90	76	59	54
72	91	34	70	46
31	44	88	52	37
61	80	22	90	31
29	52	97	16	16
20	99	24	64	41
54	15	67	47	92
65	34	50	70	90
56	33	91	70	27
25	60	52	79	40
46	83	89	36	38
40	29	20	63	28
85	90	15	60	46
86	20	58	100	52
59	97	35	54	32
42	58	26	84	73
60	31	63	62	72
56	44	45	41	64
14	84	52	21	81
73	19	70	86	88
87	25	43	95	35
70	83	61	93	89
79	98	93	97	75
29	54	93	15	19
79	68	11	50	49
43	39	63	52	63
59	22	98	29	38
79	60	94	50	74
60	33	85	51	61
93	47	33	63	43
53	88	93	43	23
35	25	38	55	99
88	99	47	44	11
72	90	74	29	45
74	79	83	75	10
43	13	89	39	63
27	42	13	97	49
83	15	72	81	33
11	65	68	43	80
20	25	88	69	34
58	38	37	81	47
62	15	13	17	86
20	34	48	36	40
25	83	69	77	33
96	46	50	78	39
12	95	22	54	43
15	52	20	56	70
70	15	88	15	44
78	99	60	40	32
78	91	82	95	91
11	93	15	24	47
14	99	20	89	37
89	40	42	86	47
38	24	57	31	94
100	27	48	77	53
71	41	100	12	27
99	90	82	56	54
48	39	89	22	15
13	55	32	23	61
35	16	19	99	22
68	10	84	17	66
10	27	90	24	95
25	99	15	93	50
87	97	71	41	27
99	46	67	10	17
81	66	69	40	74
76	95	15	89	57
98	38	50	75	77
69	16	82	56	19
62	10	44	51	25
58	15	63	39	95
97	66	56	25	66
99	45	42	17	75
49	27	73	87	20
51	54	78	63	44
25	71	61	74	63
24	67	49	37	96
62	27	25	59	83
25	28	47	12	71
46	40	98	26	35
84	64	63	34	93
55	97	39	97	84
66	49	73	80	76
85	50	13	61	92
95	46	89	75	40
50	100	17	16	10
40	76	34	42	88
95	38	66	85	58
10	43	13	23	79
52	47	41	50	58
34	36	80	20	58
88	25	27	61	95
51	35	52	25	34
55	41	58	17	53
94	100	23	34	21
35	32	21	64	60
98	45	39	36	62
93	92	95	51	31
62	49	12	24	50
15	40	84	25	39
12	90	23	99	61
14	44	50	90	75
50	48	58	13	26
22	70	46	47	60
63	36	32	55	76
95	58	62	74	32
15	60	70	53	41
34	14	44	58	49
80	87	48	30	59
48	24	16	52	43
18	47	100	17	19
85	93	31	16	12
21	64	67	59	82
32	46	64	80	66
27	77	35	87	56
52	22	19	88	49
19	22	22	80	61
19	27	34	13	58
54	24	25	81	25
82	29	89	50	60
42	65	62	97	96
89	28	82	81	85
53	43	45	27	47
34	71	30	51	98
71	98	53	48	13
31	44	27	20	33
32	26	27	32	49
98	71	43	43	62
38	33	92	81	99
49	40	61	44	39
95	52	30	88	79
91	51	92	13	48
75	11	41	56	69
93	21	17	92	20
40	89	30	48	64
42	49	81	84	73
19	93	55	64	18
60	28	69	45	21
76	16	57	74	44
18	65	99	79	63
62	60	70	39	99
89	95	35	74	19
42	99	86	43	45
63	83	54	33	95
41	90	63	16	45
98	14	29	38	69
28	58	64	62	94
78	43	55	58	22
45	21	97	22	23
12	23	25	61	50
40	29	76	98	44
82	31	73	53	95
11	42	74	84	77
80	20	86	11	79
46	95	39	94	30
19	47	81	89	81
57	92	17	50	30
79	71	26	76	12
35	73	73	81	52
11	48	87	51	91
16	36	59	80	29
60	57	18	34	70
74	85	83	34	22
20	16	98	17	30
18	28	19	90	90
64	70	70	100	31
16	13	94	27	40
73	40	31	11	68
57	47	95	33	16
85	74	21	41	33
19	68	90	94	46
86	73	73	68	78
26	92	33	57	43
55	24	28	40	71
84	97	43	97	86
37	50	93	47	19
93	29	64	68	77
90	99	11	21	85
57	64	43	96	16
88	92	91	40	53
35	66	84	29	99
85	84	98	60	58
59	20	50	81	86
40	47	74	81	86
62	74	78	29	48
56	48	67	64	35
16	75	57	97	25
95	96	62	39	89
41	82	50	41	75
99	56	30	31	73
51	87	69	93	38
15	92	53	18	22
87	72	72	28	21
15	98	76	97	63
90	14	87	36	55
32	82	57	38	72
79	43	57	60	90
86	15	24	68	97
60	88	83	87	71
55	16	20	68	25
82	59	34	11	34
47	72	81	92	33
85	31	64	13	16
75	36	25	45	81
80	84	25	72	95
62	78	32	58	71
47	88	41	56	62
43	36	41	86	60
21	59	48	35	96
38	74	85	83	32
100	81	29	94	71
30	38	17	94	36
42	88	84	32	68
37	44	94	93	67
91	13	52	56	14
41	24	46	80	89
99	75	29	64	10
95	36	77	82	61
31	94	20	96	26
17	100	61	79	76
100	18	15	12	71
64	24	100	13	27
56	88	64	27	17
90	71	59	20	32
64	47	43	96	30
67	81	81	56	36
60	60	10	31	58
63	13	87	75	49
97	47	69	53	24
17	89	83	56	75
53	32	76	78	48
69	95	80	94	28
55	39	28	97	17
25	34	34	50	45
69	17	80	64	60
14	60	59	33	63
31	50	51	55	85
49	65	38	51	80
86	85	69	60	50
49	29	75	98	81
24	62	37	41	50
52	55	62	57	69
96	32	90	47	10
88	21	53	88	83
20	59	61	24	50
37	91	77	50	86
63	75	87	28	87
98	33	50	22	33
98	90	69	66	15
21	74	80	52	75
15	85	71	48	81
61	11	88	80	69
85	62	70	51	55
43	80	50	17	66
28	91	29	30	62
66	49	86	50	25
30	100	96	78	81
83	29	34	46	15
89	27	64	31	50
40	50	29	32	86
62	37	76	49	35
44	51	44	19	63
28	23	88	94	40
50	58	13	47	15
67	30	63	87	49
71	100	55	89	48
22	22	19	33	40
85	66	21	57	11
90	73	51	66	19
20	93	11	70	37
68	29	11	13	76
31	98	93	60	14
54	61	98	33	64
19	24	95	16	74
78	65	92	26	77
67	20	59	22	63
15	19	82	74	23
70	30	59	42	71
53	89	41	75	45
62	88	19	78	25
10	40	90	17	91
46	54	76	32	96
35	42	36	12	68
31	61	22	74	78
49	41	43	59	99
50	41	90	93	82
96	80	23	28	48
47	94	55	56	34
65	49	27	46	33
27	83	55	10	76
19	15	30	64	45
55	34	58	79	78
68	84	46	55	21
80	75	25	27	15
53	49	12	46	72
99	25	59	19	47
62	88	36	92	48
63	76	26	27	50
66	96	30	92	44
18	92	59	44	78
62	71	11	11	27
90	30	79	38	91
77	46	79	53	90
67	41	57	44	37
69	93	99	41	76
64	17	74	61	24
41	96	77	96	41
35	14	26	42	92
31	89	32	30	18
64	26	97	54	31
90	64	18	90	74
80	91	73	21	88
88	49	27	89	90
51	25	69	58	93
100	34	35	85	96
74	35	88	23	54
34	77	14	46	30
78	66	19	76	22
80	29	41	44	82
66	75	94	98	29
26	67	59	95	10
51	75	24	22	38
59	50	96	10	41
16	63	93	58	53
84	58	73	75	42
32	93	82	50	29
98	40	64	43	94
36	24	48	68	34
55	37	76	95	65
56	28	38	54	90
65	95	10	93	46
52	35	64	32	68
54	82	63	38	28
70	93	34	67	84
12	81	42	45	94
88	63	69	18	61
82	62	63	27	11
35	26	92	33	81
22	32	24	92	20
21	36	81	37	20
23	62	28	82	14
17	79	30	24	28
25	13	48	11	54
97	11	35	47	76
91	26	68	74	38
91	88	93	45	38
42	93	13	91	16
78	47	29	33	21
34	21	87	16	92
66	71	74	80	84
11	83	100	67	79
72	75	63	93	39
94	40	72	47	23
31	39	55	76	74
16	27	89	94	36
72	40	93	36	90
38	45	23	23	42
49	72	26	74	81
54	33	37	31	57
88	80	95	85	27
78	22	69	77	60
93	28	29	25	42
82	82	87	16	81
64	48	12	89	49
96	12	54	90	15
17	41	73	52	30
67	86	47	38	24
82	46	29	74	84
48	43	82	55	73
32	86	70	53	73
78	42	65	28	23
20	88	53	30	67
52	21	85	94	93
75	53	84	65	43
41	34	98	84	70
48	94	87	57	60
69	62	73	21	94
49	24	31	37	93
14	66	95	27	40
53	33	39	95	85
90	91	27	47	53
13	96	13	98	44
71	27	57	23	25
28	27	21	56	39
65	60	63	44	79
56	36	49	34	40
22	92	19	14	13
13	15	36	41	33
46	63	26	72	31
65	11	48	19	18
98	99	11	93	91
83	47	31	74	63
90	74	54	89	44
21	85	65	35	72
97	82	37	21	57
50	94	21	61	35
38	62	36	61	78
65	99	59	40	39
74	89	81	29	59
64	72	59	33	25
99	57	46	25	73
21	44	90	46	30
30	77	78	75	35
89	83	99	29	61
32	88	84	24	81
69	43	75	65	32
82	45	24	80	36
33	19	39	84	22
88	18	71	49	73
22	94	46	58	29
67	57	23	100	60
61	96	66	51	22
41	60	76	67	40
74	10	29	89	60
59	94	43	99	26
52	50	91	58	34
98	81	13	90	20
98	42	92	67	49
19	15	88	47	27
20	16	28	99	79
72	16	93	12	78
20	75	47	64	32
21	87	48	26	79
76	40	95	46	80
37	37	13	87	100
79	46	62	74	29
37	62	83	93	59
88	82	64	52	85
75	54	77	48	61
19	100	43	48	65
96	41	16	65	97
37	98	34	20	33
59	37	12	77	77
75	21	91	49	47
62	86	96	94	46
69	14	70	87	53
20	72	84	16	66
89	57	33	87	43
70	64	83	52	94
33	15	70	75	49
88	76	90	71	21
16	73	82	54	70
16	41	30	15	84
18	31	26	47	76
40	36	74	36	45
65	60	61	95	56
38	46	51	100	86
71	45	52	10	40
55	20	63	97	87
82	11	64	35	11
21	18	33	97	98
41	13	84	98	71
32	69	22	33	73
92	33	34	52	79
82	44	83	38	41
100	67	71	21	72
87	77	96	23	25
76	77	15	40	37
71	36	66	94	36
74	61	86	54	46
88	38	67	57	51
63	98	15	62	30
98	87	95	60	69
86	16	34	18	26
40	73	71	54	34
23	14	13	71	43
91	40	74	42	94
84	27	75	93	94
70	79	85	94	84
95	44	51	27	33
33	44	55	31	58
63	80	78	24	64
12	89	72	37	38
28	27	18	25	33
74	42	39	10	13
33	61	58	43	41
98	71	46	27	70
95	30	13	28	19
38	11	46	79	29
16	24	69	47	27
24	87	76	93	50
13	30	29	86	51
64	70	41	49	10
12	86	73	61	85
72	64	78	60	53
27	49	55	82	17
72	21	69	76	85
46	90	28	46	54
27	14	46	49	62
89	45	88	75	23
62	87	65	41	57
31	37	28	73	54
27	32	10	83	88
93	16	96	23	82
14	98	51	26	88
18	35	51	54	73
16	57	20	33	48
93	44	44	82	44
65	36	24	67	21
14	99	88	29	47
18	54	41	63	11
38	47	64	39	59
100	88	48	98	45
61	61	38	49	27
34	30	40	24	41
25	96	84	54	82
86	41	46	49	48
57	65	87	86	22
47	83	72	65	23
100	50	85	79	97
79	63	62	75	81
18	80	82	31	41
46	88	70	50	24
47	62	62	85	13
14	61	48	53	34
99	83	22	27	57
43	85	14	77	61
26	20	65	45	58
31	22	89	79	91
76	86	95	21	52
12	87	27	19	88
19	82	54	52	73
47	86	56	14	20
79	15	24	35	87
44	28	99	95	24
62	53	58	49	33
65	56	39	73	63
67	89	91	83	49
35	57	42	65	19
69	38	44	24	26
24	65	72	60	80
62	63	94	63	39
73	74	43	15	64
96	71	91	47	73
74	14	73	18	54
85	26	17	100	34
19	48	13	67	98
90	92	86	62	42
90	74	57	57	76
11	58	58	39	11
46	89	70	11	16
36	69	81	51	12
71	59	43	90	87
59	88	11	86	40
98	28	60	12	95
36	60	89	63	69
55	27	19	88	77
37	80	40	29	78
29	88	79	35	93
47	24	47	35	16
33	37	55	51	57
57	84	51	64	44
11	43	15	78	65
84	34	82	11	36
83	29	71	80	14
85	81	89	44	14
63	14	90	39	86
51	67	75	19	24
86	33	84	68	13
39	58	94	89	44
95	36	19	49	30
33	60	92	42	87
57	55	50	77	69
55	81	32	37	35
59	77	65	100	63
97	67	93	56	22
73	18	61	15	98
53	40	52	57	73
87	99	43	61	35
18	26	28	25	37
94	47	76	14	15
31	64	65	30	98
61	14	88	14	27
99	82	89	85	30
70	80	85	55	43
75	15	49	81	17
32	65	15	56	58
60	87	13	47	96
46	23	98	98	35
94	24	84	42	78
27	17	82	44	34
85	71	54	24	86
91	35	18	19	55
33	56	40	67	61
66	67	75	49	80
60	38	23	89	99
94	70	67	13	51
19	23	17	23	16
17	94	23	27	12
22	83	71	61	41
28	26	75	86	91
54	90	70	30	62
63	95	55	100	89
52	12	35	100	82
82	67	55	35	95
67	46	88	66	52
65	88	38	63	77
97	91	38	67	76
43	20	31	31	79
23	23	37	84	45
64	83	95	32	55
45	81	100	57	20
96	98	14	83	21
64	91	98	84	87
43	90	63	80	17
50	10	41	71	69
41	25	59	76	72
12	40	70	12	93
70	27	78	98	27
43	77	18	41	87
82	89	64	43	87
20	97	94	63	15
36	27	31	57	98
64	94	21	15	27
55	71	93	94	86
96	36	82	86	68
47	94	71	70	47
79	96	27	37	44
56	36	22	41	40
96	81	41	93	91
57	82	64	91	98
85	97	87	88	39
81	87	79	61	57
16	94	35	31	51
55	75	49	91	32
47	19	69	25	28
82	96	12	13	100
76	84	50	91	14
68	97	51	84	88
43	29	29	53	26
99	53	37	77	46
75	59	70	88	10
23	45	65	76	32
98	91	61	42	34
16	77	47	77	41
98	18	12	40	46
34	30	37	54	25
78	33	23	59	30
20	24	47	71	53
61	58	60	36	64
55	38	80	42	12
20	24	73	46	99
54	40	85	45	33
19	93	28	87	33
44	10	91	69	38
34	94	61	53	67
32	35	96	28	39
73	74	62	41	26
73	66	24	94	38
54	82	18	78	57
80	60	13	98	97
64	85	100	95	50
23	28	25	98	76
57	84	69	61	27
45	43	50	23	19
57	93	83	36	41
32	98	62	92	17
21	46	76	84	65
48	90	85	91	34
70	68	17	64	94
49	28	18	77	33
94	31	34	75	39
65	67	85	96	77
49	78	91	20	22
97	77	63	31	62
33	38	11	98	61
80	48	59	88	80
70	36	16	72	85
84	15	57	43	68
39	60	91	93	10
91	100	78	37	60
42	54	41	30	57
72	87	18	44	56
72	82	96	38	49
35	95	75	61	50
92	52	30	50	89
54	22	43	31	61
45	21	87	19	14
21	100	57	38	53
11	20	55	35	19
57	23	53	14	54
55	92	76	92	67
49	100	12	41	68
89	87	96	95	65
15	57	66	47	36
53	75	90	85	68
10	71	82	90	47
97	88	25	71	32
41	12	53	33	83
48	56	30	44	71
60	81	91	19	11
55	25	86	49	50
36	23	97	84	27
78	78	41	79	55
63	89	91	10	56
65	16	30	25	12
95	28	76	45	70
53	53	49	43	51
25	50	21	85	67
72	41	37	85	47
17	74	56	44	64
99	95	63	42	79
21	82	21	41	50
76	77	18	14	17
83	35	57	15	40
87	33	65	46	23
11	26	48	100	19
63	13	70	98	80
40	61	22	79	36
62	63	16	70	34
73	91	29	39	66
92	69	17	23	61
37	81	59	70	75
97	21	61	81	73
38	53	34	62	62
67	69	34	33	84
70	71	74	17	42
58	61	51	73	41
97	33	71	93	11
42	49	52	38	100
45	40	81	29	78
47	18	56	75	13
37	46	57	42	79
30	84	47	51	10
15	21	96	22	71
29	28	54	22	100
41	93	51	67	10
73	74	84	75	45
68	91	49	26	100
56	60	43	54	41
97	60	99	96	13
34	55	53	20	74
93	19	41	76	80
66	84	74	30	95
91	15	36	20	56
83	38	26	69	54
81	55	35	34	77
51	13	50	33	88
51	67	54	22	85
32	56	53	12	95
61	52	97	100	45
74	93	33	73	17
59	30	82	93	88
44	95	30	28	77
69	61	66	46	65
30	12	55	86	21
79	82	13	40	25
61	43	54	54	54
100	61	27	11	31
14	86	28	16	87
39	70	38	83	69
33	52	94	16	65
10	95	11	42	71
43	90	23	83	59
60	39	91	96	87
89	86	17	48	61
98	82	30	91	80
47	36	19	16	79
24	33	43	66	31
31	59	32	48	36
20	41	49	73	81
39	18	15	67	91
81	73	28	43	99
62	93	38	90	42
100	27	54	31	65
48	100	31	52	26
46	12	68	99	28
76	82	10	13	100
59	78	73	58	19
14	94	56	30	24
59	12	55	44	27
68	75	77	17	60
43	13	54	67	36
14	46	79	38	83
11	45	75	32	85
72	75	16	71	99
21	72	23	54	75
13	12	74	60	100
22	40	69	32	44
61	70	60	94	85
81	52	40	18	50
17	11	34	94	11
75	24	13	80	95
78	87	93	70	45
44	56	41	72	21
36	23	33	96	49
26	49	65	89	50
60	96	73	95	10
51	99	64	75	74
78	55	30	98	62
50	77	97	23	81
16	11	100	28	38
61	98	52	74	23
78	89	14	39	33
72	58	99	84	99
51	92	83	37	53
73	84	80	66	49
35	21	60	11	14
65	42	73	53	52
75	67	67	77	90
42	47	12	28	87
36	10	63	26	67
98	59	95	19	14
92	63	100	99	37
91	10	60	42	44
92	16	41	31	52
31	49	52	73	97
62	89	45	81	45
31	67	22	25	13
30	39	52	26	72
98	62	81	88	89
86	22	87	58	83
23	81	57	42	36
96	96	33	99	60
37	66	43	29	53
60	31	23	32	60
49	66	79	66	20
76	18	60	19	76
90	26	32	34	15
86	63	35	22	28
80	64	28	31	18
99	39	37	56	39
46	73	33	36	34
12	12	62	46	31
19	49	57	95	31
66	50	50	17	69
72	11	80	60	43
67	65	52	18	69
66	59	85	49	10
71	22	33	88	30
41	40	34	94	76
54	39	41	32	79
39	14	68	91	53
73	11	80	49	28
63	43	43	82	11
30	77	61	69	74
52	17	50	98	79
52	36	41	67	85
82	27	32	37	39
100	88	42	63	20
24	24	46	39	93
60	88	48	32	87
48	87	47	28	39
19	20	61	95	69
33	23	79	76	83
29	62	17	83	52
81	10	75	26	91
71	93	64	56	61
35	28	21	98	12
68	61	63	94	55
31	20	43	21	33
11	51	13	20	41
32	80	14	66	16
99	43	17	92	11
96	86	34	59	92
49	51	87	77	22
97	17	37	83	79
13	13	31	41	50
66	85	17	37	76
93	60	97	21	79
13	26	49	36	92
99	88	71	94	31
98	32	71	51	58
67	18	94	92	51
32	100	97	61	21
27	42	96	54	78
83	47	77	92	49
89	80	36	91	81
46	49	25	31	67
45	70	92	75	70
91	92	20	63	58
41	89	61	66	58
17	100	15	13	10
74	72	70	100	76
100	43	33	30	62
96	63	19	34	13
57	19	22	97	27
40	73	30	20	95
17	15	89	98	17
13	75	45	20	86
66	56	58	55	16
41	86	47	55	39
17	63	90	22	88
60	33	30	99	20
11	94	65	73	90
77	29	95	20	80
86	88	100	63	28
88	54	84	22	83
96	16	45	45	62
92	12	100	83	91
86	16	15	48	100
37	61	93	99	63
14	99	52	29	38
91	84	61	83	85
88	86	75	36	20
94	61	11	80	74
86	80	97	18	50
25	48	19	81	75
57	85	80	59	59
87	66	37	57	65
58	52	23	66	47
37	54	67	43	97
29	72	42	14	73
97	49	11	96	57
59	35	10	22	92
74	86	57	84	27
23	23	62	100	64
84	30	20	66	54
33	11	68	39	93
38	57	64	14	14
51	24	34	55	31
28	86	22	27	31
13	95	59	38	92
72	85	42	94	24
61	28	32	30	32
96	17	17	33	62
89	20	12	84	20
26	16	96	45	56
55	56	41	69	13
61	34	75	40	12
60	69	17	78	19
19	12	100	65	43
43	49	79	95	76
56	89	70	90	25
81	55	45	27	76
92	66	75	25	12
19	17	16	80	90
25	31	61	84	76
76	20	96	74	17
86	44	24	37	27
60	56	99	31	98
63	74	26	29	86
49	57	65	17	92
87	78	11	40	41
43	44	13	13	77
43	98	91	84	40
72	14	61	18	38
80	71	61	32	68
37	86	30	80	86
98	92	66	100	32
63	82	84	75	51
59	24	48	10	99
56	50	94	62	19
72	54	41	49	79
35	62	30	66	39
12	17	75	90	24
44	45	28	98	67
31	54	66	81	85
79	44	14	86	99
88	98	53	29	77
13	50	83	42	19
47	67	98	24	15
72	79	12	70	97
47	50	51	14	83
78	48	55	77	78
30	66	76	44	38
69	13	88	56	97
60	26	23	35	24
69	30	37	14	39
25	79	93	57	67
21	72	33	22	36
18	40	21	28	91
71	38	24	86	66
10	22	62	92	27
56	91	40	65	22
15	31	67	35	36
54	24	64	20	14
56	44	96	74	82
78	13	62	76	37
41	13	51	71	24
87	31	29	40	38
90	94	12	82	78
43	41	36	50	49
47	27	87	40	96
71	27	52	48	52
23	12	21	25	37
55	23	94	27	13
63	69	16	65	59
17	12	44	16	80
87	59	59	83	68
54	91	63	11	87
38	33	41	23	73
87	53	48	15	82
73	86	46	50	54
86	95	77	50	45
15	65	23	31	52
15	94	18	15	53
15	38	95	76	59
60	50	36	63	93
96	57	16	92	61
90	91	29	30	15
95	23	86	45	18
52	70	27	73	48
22	40	50	17	47
81	73	63	19	88
21	35	16	36	60
64	79	32	98	48
73	89	57	39	21
85	36	77	74	25
83	33	68	89	34
24	96	71	90	25
54	47	43	53	68
55	58	24	95	77
29	21	80	54	90
52	70	96	97	65
30	79	35	39	27
84	76	64	64	53
22	29	23	78	67
44	24	21	42	66
92	21	61	48	40
71	68	95	25	62
14	61	27	88	33
30	75	72	99	89
99	76	25	34	92
95	18	32	30	20
57	61	60	83	43
57	33	69	18	29
67	92	99	34	36
71	88	58	59	84
10	15	38	90	83
77	47	54	24	90
65	49	30	10	14
84	68	16	19	19
69	77	73	27	70
29	75	62	37	12
18	47	79	12	36
83	71	43	14	25
30	12	15	19	45
50	82	26	64	74
90	83	91	23	22
50	23	91	56	78
18	28	94	51	64
21	18	36	28	46
96	98	93	22	33
74	32	11	19	74
46	16	50	79	99
37	30	22	100	23
91	31	29	39	93
64	100	99	64	39
58	84	97	97	31
48	38	55	43	62
83	71	69	65	60
62	100	52	71	71
91	21	53	89	47
50	35	49	14	58
97	38	49	48	41
37	75	78	69	11
20	89	86	23	91
58	32	11	54	10
26	30	56	23	71
57	45	58	80	28
96	35	66	62	38
38	99	41	26	43
59	37	13	53	38
24	63	32	95	27
11	81	89	48	87
94	78	61	34	60
44	55	52	44	71
58	94	37	49	27
95	35	56	46	66
75	40	63	87	25
45	69	83	81	78
33	15	46	91	83
12	64	76	72	84
49	35	15	62	63
21	92	89	34	25
38	81	64	60	30
50	49	60	59	45
70	13	56	22	76
48	94	44	90	73
91	70	60	35	30
27	83	24	10	88
67	32	64	43	32
98	41	78	24	76
51	10	43	59	56
25	39	78	69	69
21	55	34	70	21
39	54	96	12	84
62	52	98	59	18
56	61	62	45	21
79	99	38	74	88
18	67	14	30	69
55	32	29	49	82
67	54	42	61	75
31	93	99	89	17
46	19	28	40	21
27	69	100	20	50
92	18	72	93	84
96	10	56	31	74
19	18	100	17	81
34	74	15	36	99
91	25	62	68	100
89	52	48	24	17
85	94	24	27	56
81	95	16	31	100
55	13	12	31	39
90	54	63	96	60
39	43	74	80	37
64	37	12	56	31
70	25	60	92	74
48	17	85	85	49
88	98	41	41	29
38	39	89	73	98
90	10	47	87	55
30	49	88	53	92
86	69	31	26	51
86	13	100	76	52
56	63	26	63	93
93	83	15	86	40
62	46	86	35	35
35	94	57	33	61
81	77	46	45	67
84	82	74	88	93
99	74	92	53	85
43	20	28	100	56
90	87	61	55	86
73	68	80	49	40
60	11	31	72	40
31	65	36	100	82
30	55	58	73	46
65	75	18	33	57
29	87	82	30	47
34	99	57	21	42
55	45	58	17	84
58	54	13	34	54
64	17	94	63	55
32	60	90	93	27
54	79	63	26	87
12	16	72	62	93
54	34	78	53	49
11	50	19	49	56
46	20	79	16	67
64	73	17	22	52
15	59	42	51	49
43	34	38	55	51
88	30	33	79	73
92	75	53	16	73
55	79	53	43	80
69	40	46	45	58
25	63	60	57	59
31	93	39	18	71
52	42	92	20	92
31	30	49	47	45
87	92	29	28	94
42	96	89	12	93
27	32	10	91	22
80	65	36	41	31
13	27	79	55	46
68	47	31	13	61
84	11	88	48	84
66	88	73	16	58
47	72	90	22	81
55	30	16	90	40
12	40	35	97	29
40	26	49	41	45
65	85	56	93	45
75	54	31	36	53
43	49	38	21	94
48	75	86	47	45
57	94	13	79	65
40	16	27	75	28
49	71	100	30	80
34	75	33	76	63
69	71	37	28	40
89	56	58	40	91
81	94	28	85	35
50	31	61	88	84
90	93	69	31	57
45	74	19	35	65
55	95	39	86	37
12	47	34	53	80
19	25	56	37	99
75	49	16	21	78
34	56	68	70	51
33	79	19	88	14
69	21	61	79	28
69	77	56	46	33
99	48	97	36	24
67	55	48	93	67
52	67	85	28	51
89	80	17	90	43
10	65	71	18	71
73	94	73	35	35
62	17	31	91	99
66	94	24	94	67
87	85	72	32	90
12	54	17	74	62
74	50	62	41	72
25	99	33	12	93
54	90	69	72	90
21	81	68	89	44
40	35	48	52	86
69	65	87	28	24
89	56	12	53	55
53	43	33	20	90
39	39	89	64	89
38	81	30	53	85
27	52	55	92	65
31	56	58	14	73
26	26	59	13	83
82	34	65	33	59
38	93	78	83	33
65	95	20	95	76
88	20	27	37	10
87	90	63	46	69
55	25	72	25	59
32	40	85	57	96
90	35	61	72	92
50	84	100	12	71
86	72	42	23	40
18	17	29	86	51
35	61	95	37	56
41	59	58	18	18
86	50	24	79	29
76	10	58	17	55
39	94	46	14	13
38	55	44	58	55
47	12	40	48	31
55	16	96	28	98
87	22	93	55	82
97	40	13	16	13
46	23	51	69	60
30	99	23	10	97
46	16	75	93	96
11	84	35	26	80
17	20	24	62	10
83	56	34	61	89
99	58	38	93	100
34	57	88	48	16
67	29	95	93	31
23	52	24	17	76
20	24	39	25	37
90	98	34	74	29
20	23	24	15	54
94	59	69	39	22
97	41	100	18	68
51	69	97	89	16
93	57	69	35	80
35	21	90	80	32
52	93	22	67	15
100	76	47	47	61
15	16	12	52	76
19	54	49	33	93
75	23	81	68	92
79	16	50	29	28
72	26	66	97	74
51	88	55	21	67
95	76	19	57	16
35	98	15	88	14
43	91	25	61	44
97	59	23	56	74
93	49	69	92	78
99	64	17	11	14
28	51	48	66	92
37	100	54	65	63
88	60	55	18	82
29	95	63	98	66
13	53	40	44	26
54	73	51	10	78
35	78	71	63	26
65	23	20	14	24
32	20	75	81	85
89	35	31	30	70
22	51	61	96	46
97	66	25	89	27
51	22	90	51	59
31	14	76	89	49
74	51	36	99	39
16	62	48	100	24
68	85	96	38	55
37	63	10	60	63
51	49	28	19	66
48	27	54	14	41
80	76	21	62	64
36	83	58	51	96
92	65	25	21	42
51	61	15	77	42
77	83	75	39	69
71	48	19	20	71
83	43	72	68	75
30	89	68	55	73
18	82	41	47	43
44	67	67	67	91
81	66	18	13	51
55	95	23	94	90
15	10	52	91	48
80	94	36	19	78
87	97	32	16	13
36	83	62	81	61
37	54	48	26	32
85	33	42	89	91
59	23	44	99	90
53	22	54	27	35
55	52	48	29	52
51	85	79	86	76
90	49	27	38	53
93	69	25	70	64
36	17	22	63	60
72	51	20	23	36
34	94	25	25	43
41	98	21	21	57
92	80	12	37	21
28	67	31	71	50
12	24	46	63	30
12	100	91	19	38
19	47	97	61	69
41	12	77	31	67
28	68	87	100	24
53	76	88	64	17
89	17	62	49	97
91	31	97	65	63
59	95	10	95	37
10	46	82	47	41
89	60	26	73	24
19	57	59	66	44
57	24	91	80	10
47	27	43	50	69
40	36	36	100	99
99	17	22	51	17
86	54	23	20	21
70	13	31	64	54
24	52	45	38	51
19	43	63	17	66
74	73	94	86	25
33	97	62	98	15
12	34	42	67	53
87	45	41	82	100
24	64	94	39	69
11	55	68	41	46
77	50	39	19	33
43	30	26	27	57
49	80	47	20	100
56	72	99	71	42
10	24	76	66	66
84	90	96	10	59
91	36	90	59	25
56	15	30	30	58
99	78	72	68	72
37	30	17	58	97
39	25	40	70	54
15	35	97	84	49
80	84	94	72	68
31	99	28	75	92
36	69	14	63	27
86	26	29	28	69
49	17	12	26	59
12	99	88	97	91
21	54	73	36	50
11	16	88	85	10
89	86	55	58	43
94	70	85	37	56
61	43	76	82	17
24	35	92	38	15
45	23	19	54	91
61	99	42	17	70
56	57	11	30	86
91	69	48	68	94
90	60	66	74	98
82	66	17	81	31
96	53	100	64	52
60	38	43	21	27
30	93	78	36	39
97	74	33	65	79
18	14	68	23	77
62	69	91	27	12
44	10	35	57	88
61	84	64	83	17
96	39	80	82	84
93	37	44	16	76
67	36	74	17	83
38	32	17	35	61
16	63	29	80	12
91	56	83	70	71
46	56	72	47	61
16	46	48	17	31
92	47	70	59	16
99	67	86	64	97
23	58	96	73	38
31	13	88	36	25
54	87	29	37	12
98	44	60	25	93
92	58	38	73	18
15	54	41	56	91
71	61	55	47	91
49	84	22	60	30
98	46	31	62	44
14	82	21	41	56
56	50	12	25	16
48	51	88	42	91
67	33	89	36	21
30	22	77	82	72
46	14	45	60	47
67	60	70	57	28
44	65	90	68	10
73	41	94	66	57
37	71	28	67	50
42	94	81	86	77
18	94	84	41	22
63	88	46	72	11
68	41	50	71	97
93	96	12	60	84
72	73	27	52	18
99	97	16	59	10
51	76	74	36	57
80	70	35	90	66
95	90	82	43	41
45	48	72	96	38
90	54	16	13	22
97	42	53	47	18
29	37	61	60	83
98	89	64	41	76
39	60	84	10	68
70	96	53	78	61
33	21	24	54	32
56	14	30	34	70
82	66	90	61	41
37	94	74	60	74
59	33	27	30	70
77	92	19	31	84
34	22	71	63	43
81	60	31	35	13
12	92	32	39	70
51	55	81	56	95
86	55	25	54	78
99	59	33	53	69
47	61	58	15	41
100	21	10	29	69
31	51	29	23	91
28	94	78	62	57
79	34	72	41	40
93	31	27	79	17
93	61	63	69	55
34	61	43	100	30
52	41	33	90	89
59	57	51	10	61
16	74	83	17	16
67	33	23	31	50
37	45	83	56	88
38	45	89	52	11
15	79	25	47	21
62	20	20	27	41
46	15	21	55	15
31	84	63	29	88
51	22	96	10	21
61	20	47	33	71
68	18	22	11	44
29	60	45	19	17
80	96	63	37	65
11	93	93	38	54
19	40	80	32	87
64	72	90	37	84
87	79	82	73	84
40	96	64	93	32
21	84	57	91	95
77	37	59	53	90
32	46	18	22	97
83	12	34	45	30
48	14	19	99	78
49	85	60	11	62
62	92	74	77	95
85	99	71	16	58
15	54	18	68	53
10	86	40	11	64
76	15	82	90	100
43	72	100	32	30
61	62	60	59	17
45	87	33	49	95
99	62	80	76	59
97	44	48	85	67
97	30	19	92	18
65	55	98	90	94
20	33	70	57	38
33	26	75	44	45
95	18	12	83	94
67	87	57	90	95
49	96	34	48	80
51	31	57	44	51
72	89	16	63	100
24	11	91	96	64
93	31	92	76	32
80	97	56	11	37
95	82	49	76	84
52	84	22	74	31
71	10	45	54	67
32	20	36	15	92
31	72	38	54	22
68	43	39	39	49
77	35	52	19	13
85	25	59	76	37
88	52	35	67	36
53	92	98	100	78
58	40	85	77	31
65	32	51	99	41
39	27	89	93	20
32	95	41	57	42
91	12	81	84	40
48	76	49	15	41
28	69	22	34	39
33	66	51	25	40
54	39	51	82	100
72	38	33	79	44
60	40	51	45	11
61	72	19	82	58
11	54	77	39	80
70	23	69	11	32
27	100	64	81	47
53	24	21	43	16
47	51	40	97	87
52	36	32	21	70
74	44	16	49	63
24	22	70	78	84
59	43	46	12	29
57	84	26	64	50
23	56	30	84	65
12	59	16	100	87
52	67	56	74	44
30	45	63	94	29
70	20	35	75	46
11	33	18	45	65
67	90	92	69	13
33	18	76	52	75
60	82	94	86	77
27	11	75	14	16
68	27	73	40	32
87	90	81	43	87
27	76	62	79	53
80	57	92	82	80
64	96	23	84	99
95	70	75	24	29
60	38	42	91	30
88	82	95	88	48
32	50	53	85	75
29	39	59	41	74
83	63	45	13	86
30	80	35	59	66
19	83	24	13	40
33	43	45	93	54
76	55	96	23	43
56	81	15	38	41
50	61	91	51	11
95	58	89	73	61
76	88	95	33	73
69	29	12	74	85
91	58	86	99	54
92	50	22	12	61
56	37	47	79	13
51	56	32	59	88
75	74	81	38	25
100	43	52	76	87
22	71	66	14	26
77	28	46	34	63
62	70	52	80	45
39	39	17	27	48
70	62	28	77	10
100	38	64	93	42
14	12	12	35	22
43	10	97	76	65
28	21	72	48	97
100	65	73	42	15
96	33	65	90	73
59	45	24	94	57
71	85	66	25	96
27	69	93	32	10
83	20	48	12	54
62	42	49	58	73
44	70	36	40	10
10	11	79	36	26
100	44	50	50	27
90	77	84	44	88
47	18	69	61	35
45	60	96	76	60
97	87	20	37	59
62	74	47	32	59
94	30	79	24	100
77	39	23	60	84
64	20	32	82	34
34	82	39	85	83
42	86	26	41	72
60	25	16	20	77
55	78	97	93	22
89	16	19	98	61
24	12	46	68	40
78	64	13	77	73
93	35	51	71	94
69	100	79	54	47
54	55	64	86	41
85	11	22	63	71
45	36	63	70	45
20	87	16	14	100
78	40	27	10	38
75	77	46	22	72
77	15	27	88	95
21	42	90	46	46
47	18	62	83	69
21	26	44	32	94
81	31	47	55	57
91	28	49	42	53
80	92	24	18	67
67	89	78	11	39
10	18	52	68	57
90	60	62	75	62
71	96	100	27	99
48	10	29	83	31
49	79	83	53	56
50	34	100	35	36
100	48	18	75	49
25	16	47	84	44
97	64	79	52	23
90	51	42	56	12
19	26	93	53	71
69	69	28	23	41
38	86	14	53	30
62	74	17	48	47
20	55	97	57	90
48	47	63	63	10
28	79	47	73	81
43	16	67	49	19
84	16	64	10	82
41	95	19	53	33
86	42	85	97	68
59	60	27	41	29
76	16	73	85	52
97	39	61	19	63
56	55	47	96	66
80	15	38	15	40
28	64	56	29	90
82	24	88	75	44
12	95	38	64	10
72	49	41	76	39
82	51	56	100	82
65	35	76	55	88
63	25	58	26	24
45	35	87	35	39
92	60	21	51	80
71	91	89	59	57
39	51	45	98	32
93	58	30	69	13
34	20	80	42	59
86	66	35	81	89
17	71	25	12	57
75	76	34	47	44
96	93	47	100	29
55	63	47	79	16
26	59	99	57	33
12	92	60	83	49
66	48	53	93	36
13	31	32	83	65
25	48	18	82	71
43	44	67	30	22
45	43	25	24	39
41	79	14	37	82
65	55	54	32	21
67	31	78	41	14
95	14	54	52	60
25	51	57	30	60
61	33	45	22	71
74	32	40	45	89
18	44	91	64	57
16	24	55	46	30
86	22	83	42	93
91	98	29	26	78
78	52	89	12	55
62	27	78	14	57
30	86	40	30	28
50	65	68	83	43
50	67	60	30	80
100	52	12	61	61
21	60	72	18	80
26	42	80	11	34
25	10	78	21	21
23	78	45	94	18
86	97	53	23	29
19	84	28	55	94
38	55	22	40	96
38	81	11	86	73
84	11	56	21	100
38	41	100	56	62
66	62	45	57	11
41	31	11	54	66
99	14	58	98	58
69	19	29	78	65
93	49	93	77	71
86	22	92	37	32
95	93	93	30	57
35	45	82	94	21
66	17	57	11	100
37	18	11	15	77
93	21	61	87	84
60	92	10	25	76
71	87	36	44	50
35	95	68	15	10
83	95	28	47	46
91	54	49	15	70
87	59	41	28	30
94	23	60	92	87
22	76	24	48	66
19	17	46	58	49
67	16	62	11	80
73	31	48	85	94
54	51	77	95	52
64	14	12	10	20
55	78	23	14	17
26	49	98	92	49
73	97	12	85	39
97	73	30	34	20
72	77	79	22	43
44	63	70	34	16
56	28	20	75	53
71	35	69	64	71
56	61	97	54	72
75	97	28	70	47
46	54	63	66	47
16	77	86	54	43
28	53	84	27	70
25	70	98	28	86
48	43	78	12	85
76	77	78	21	89
17	74	46	45	87
33	54	84	41	21
50	75	52	12	40
26	35	12	23	34
77	26	92	35	42
38	47	47	72	70
44	29	91	97	44
66	47	49	84	99
94	73	77	46	32
78	24	23	83	99
22	37	37	92	19
43	10	63	49	58
87	26	97	41	60
63	58	53	47	86
53	92	35	63	47
54	18	54	56	85
26	92	44	17	75
91	26	75	65	41
87	77	22	13	49
57	40	41	72	63
39	17	66	15	97
51	19	17	54	41
13	69	44	17	51
49	65	68	16	51
98	95	53	89	97
17	13	84	36	30
20	79	73	89	32
38	33	35	28	57
81	82	23	99	86
89	56	39	55	94
99	88	78	92	52
14	45	99	65	47
71	42	58	75	14
92	81	94	20	75
63	81	75	49	80
16	74	55	27	36
54	65	84	16	20
58	99	13	87	97
22	35	58	13	75
65	99	57	67	89
49	83	72	96	24
85	55	43	77	48
58	35	39	62	21
34	83	71	66	91
70	87	29	33	98
19	22	92	92	29
11	41	85	88	49
75	73	62	26	85
36	68	64	38	19
41	79	82	61	75
25	67	23	69	85
83	41	78	96	63
52	73	81	77	64
45	58	67	59	75
10	30	39	23	99
53	50	76	99	94
55	32	92	12	29
34	99	97	85	27
49	20	29	37	14
38	49	45	37	15
98	47	97	47	56
36	82	65	48	65
44	39	18	98	75
26	58	42	60	31
40	12	87	86	40
15	54	29	99	18
44	10	29	42	38
61	81	72	30	47
49	13	92	84	56
32	13	93	39	74
79	39	90	17	90
72	26	90	84	95
83	52	40	54	73
52	10	32	74	21
43	87	70	13	19
66	88	14	82	31
62	28	17	42	54
22	41	39	58	59
82	72	16	41	86
12	64	24	97	77
82	59	84	60	50
92	73	35	22	20
78	38	73	67	23
32	58	53	81	68
90	44	21	72	60
30	94	82	22	24
27	100	79	72	39
63	32	20	74	24
70	50	22	18	20
96	44	98	95	63
35	60	55	44	99
10	52	59	64	60
90	28	24	100	91
66	23	30	88	19
39	65	54	26	68
70	30	72	26	13
23	90	100	48	37
50	68	84	91	81
64	67	55	40	58
56	77	94	96	34
70	62	69	77	36
67	60	66	94	89
27	63	42	94	40
62	18	11	89	68
52	36	61	19	73
43	15	13	20	62
15	17	32	30	60
15	14	33	51	43
55	74	14	87	84
78	50	50	52	35
76	15	76	62	19
58	92	16	10	21
74	33	68	91	66
67	84	88	74	49
27	68	42	95	85
63	83	28	98	85
33	50	39	17	73
73	87	55	20	24
25	40	76	64	65
16	38	27	81	90
32	76	91	94	38
23	75	44	82	61
51	88	48	51	27
52	35	17	100	69
37	76	62	44	52
59	56	60	41	18
53	95	42	18	88
38	31	47	13	39
32	66	47	95	67
98	62	56	84	56
57	49	96	31	74
95	42	100	41	87
29	45	50	78	41
82	83	38	17	15
78	14	31	24	86
48	87	89	33	51
32	32	12	97	23
69	26	29	74	17
11	52	93	14	53
24	21	72	15	88
21	43	15	35	21
31	25	22	53	41
10	99	16	89	87
14	29	68	69	35
14	33	50	70	65
81	89	39	80	23
48	40	14	96	16
18	64	19	24	56
25	36	87	21	50
64	34	25	57	75
77	14	59	60	17
26	15	83	90	28
85	56	30	17	93
19	41	34	42	74
25	60	45	76	67
13	83	99	60	28
88	52	52	58	35
48	92	66	32	44
86	93	48	42	24
75	88	17	49	10
22	45	20	42	83
28	96	19	80	54
67	71	76	65	66
65	100	59	64	70
79	100	30	54	60
100	22	36	16	63
56	69	19	57	50
24	50	66	82	71
60	12	26	56	14
58	21	35	24	37
42	99	96	50	66
69	94	82	55	19
53	10	52	61	41
28	43	32	36	83
22	42	19	84	80
37	53	26	48	42
70	79	92	51	29
75	69	74	100	38
92	71	61	22	41
76	19	28	27	79
81	64	28	63	61
79	45	27	43	42
95	80	73	34	67
23	69	63	64	63
12	51	50	33	92
18	19	86	79	19
48	54	73	78	63
36	26	96	88	61
70	48	39	71	58
87	29	83	86	12
12	62	18	34	95
28	51	87	52	10
98	19	16	19	55
54	32	66	54	37
84	57	76	40	58
23	18	42	14	47
94	49	66	38	97
69	44	24	97	28
49	96	67	16	78
27	72	41	53	61
35	49	76	30	24
82	37	88	79	97
78	29	93	71	33
51	99	46	88	20
42	96	32	90	41
22	70	93	45	35
77	94	30	11	52
73	98	77	61	18
43	62	23	62	97
92	30	20	60	27
14	56	59	80	11
33	52	28	56	33
68	53	48	11	14
22	100	41	35	82
97	36	58	29	62
42	56	17	26	88
79	74	13	16	28
91	75	10	96	19
40	71	10	25	69
34	55	53	29	87
69	47	78	35	73
64	14	37	23	48
10	80	24	15	67
43	14	73	72	28
90	69	17	13	30
89	35	78	51	31
67	95	40	73	63
70	99	34	20	63
15	87	74	35	17
35	60	68	45	73
56	38	62	18	51
27	54	33	73	63
35	52	99	57	61
77	27	82	34	73
78	43	29	12	88
20	92	87	87	38
23	51	75	91	19
25	85	30	54	43
23	75	41	26	95
25	40	10	89	96
55	56	36	33	44
100	14	15	52	45
81	39	59	79	29
76	68	40	92	12
38	82	65	76	77
70	48	56	72	51
37	67	14	100	89
87	92	33	36	81
78	26	59	55	69
50	76	81	85	63
55	83	25	69	26
83	97	34	77	92
92	22	38	66	81
47	96	91	80	49
93	14	13	38	57
99	33	60	92	27
59	38	50	65	85
98	57	79	74	91
16	19	99	97	26
78	100	70	12	84
62	72	94	97	92
70	94	81	32	83
22	20	80	96	83
73	87	44	65	23
15	32	70	84	68
69	13	48	11	47
70	72	80	10	95
92	48	19	72	30
21	77	24	72	74
67	84	25	28	50
13	99	32	35	59
31	45	19	54	19
43	11	59	60	57
67	57	10	100	79
36	57	24	14	99
14	26	61	41	58
74	39	95	57	66
62	28	88	98	53
57	89	26	74	75
68	100	74	82	29
56	83	62	75	77
57	96	15	88	57
86	62	11	36	26
86	25	49	24	61
76	68	43	35	58
62	99	80	23	66
86	91	37	56	39
56	43	59	73	45
33	56	81	42	94
39	100	76	92	47
79	60	98	35	90
99	29	19	86	97
39	10	66	31	12
11	45	18	69	100
56	93	32	15	14
19	15	78	75	25
18	88	27	67	86
41	84	100	89	13
39	34	99	21	22
61	24	70	80	80
90	54	78	30	81
75	47	43	43	17
90	15	40	65	12
58	63	29	18	95
45	90	47	81	43
20	52	14	39	69
17	57	69	16	24
26	34	18	34	67
21	83	70	52	80
85	13	57	97	86
95	26	17	50	62
49	60	18	36	27
82	24	100	89	17
27	21	27	54	94
17	81	80	68	21
49	12	82	65	25
95	64	98	37	72
85	94	58	52	42
54	44	94	22	97
73	25	37	41	51
93	66	10	87	68
42	62	16	32	20
100	59	38	11	93
66	69	47	32	76
69	37	15	54	27
42	39	93	68	75
24	57	81	63	42
85	33	52	17	51
61	36	93	25	75
48	12	26	12	91
32	84	18	55	33
84	49	81	27	76
31	64	24	82	76
36	90	37	66	80
16	13	85	30	39
86	83	87	30	68
89	36	67	86	89
76	57	47	12	52
67	78	86	90	11
98	77	45	23	86
96	40	21	34	60
84	92	76	86	50
96	92	57	86	90
12	24	74	26	40
26	42	38	32	59
86	100	66	98	16
87	16	53	97	18
29	79	41	93	41
29	27	19	11	97
60	47	62	45	88
97	12	10	71	31
26	81	68	100	12
17	84	74	32	90
63	22	14	30	81
10	53	49	71	19
53	42	84	34	60
65	89	95	98	70
75	88	83	16	75
32	81	37	68	36
59	34	56	35	43
58	94	67	12	50
100	26	69	54	26
31	99	98	24	76
86	89	20	77	52
54	98	98	48	36
84	87	74	26	24
64	92	23	58	51
70	39	95	87	27
59	21	18	42	63
68	64	48	17	70
65	94	21	55	60
13	31	40	23	60
59	71	86	84	74
17	20	69	41	88
17	12	13	53	25
92	36	75	33	21
48	40	49	88	96
68	30	85	51	11
44	60	25	13	29
83	55	97	24	75
62	35	94	70	20
58	92	44	45	84
93	19	57	64	66
14	35	70	73	80
36	100	38	31	82
59	22	59	57	31
89	17	86	94	70
56	52	19	96	83
55	41	71	27	52
31	26	16	49	20
37	40	11	39	94
95	53	27	26	99
72	44	72	91	91
49	85	47	59	53
22	64	11	27	88
62	62	91	88	44
27	41	97	87	25
24	55	33	60	97
10	98	64	44	66
49	36	57	22	68
56	15	57	48	63
11	54	85	34	31
44	42	39	86	61
15	88	31	11	89
18	26	73	84	27
14	14	92	77	15
58	40	77	99	94
29	48	77	16	26
89	85	37	71	36
90	55	70	41	69
83	90	23	69	49
79	98	87	47	58
56	75	90	81	19
41	39	64	35	44
33	35	82	95	95
45	60	74	93	15
100	70	39	11	36
37	48	75	59	76
63	63	73	21	65
29	87	52	46	40
49	48	74	70	64
81	99	86	41	82
24	12	92	25	49
90	77	54	57	36
58	46	100	14	73
24	20	36	46	76
23	30	100	13	69
93	36	10	35	16
86	16	65	48	23
87	11	17	88	21
10	16	99	53	54
63	43	80	40	81
26	89	36	35	62
48	56	75	48	64
43	77	80	82	39
78	56	66	11	97
18	27	62	27	99
14	23	24	31	97
13	59	31	74	96
94	63	38	60	73
87	96	46	20	12
30	69	19	89	38
47	34	20	56	52
24	11	86	39	61
20	78	28	42	12
82	56	70	41	65
50	71	70	34	95
73	17	22	99	61
87	25	52	22	66
92	20	25	18	56
18	67	27	78	74
89	20	16	92	24
14	89	59	77	15
92	64	86	31	26
74	47	59	100	31
11	45	61	67	88
97	66	84	17	51
65	96	48	89	32
43	37	18	88	16
92	30	82	10	17
40	13	62	79	73
74	52	88	19	56
18	46	54	35	59
89	94	47	39	80
82	99	59	92	38
97	80	98	75	40
38	58	91	26	74
78	69	18	46	35
52	46	100	45	80
15	33	67	84	11
77	88	41	50	76
54	88	31	39	75
29	22	98	68	79
42	95	48	37	35
94	14	39	16	22
63	26	57	18	47
49	52	12	34	20
28	40	74	43	33
82	38	34	78	31
87	71	12	96	24
42	26	38	49	86
12	99	39	11	56
95	23	73	76	48
61	89	18	46	26
12	77	23	94	95
29	15	48	15	90
10	14	38	93	36
22	74	12	17	58
55	60	40	94	38
14	97	22	78	80
48	55	69	30	21
39	51	80	87	15
76	96	18	62	37
47	74	99	52	31
47	59	40	40	45
48	60	70	15	24
78	97	62	13	21
56	83	100	84	22
69	93	57	77	62
39	73	67	57	99
12	27	93	83	63
97	47	55	67	58
44	32	69	48	30
13	55	46	85	60
38	37	61	89	29
87	45	19	99	54
95	72	86	40	95
96	26	37	43	55
57	91	40	43	42
71	63	37	22	82
28	88	43	19	70
37	53	36	78	86
93	27	24	32	69
24	26	78	17	49
19	39	59	18	73
69	40	66	14	71
62	83	22	82	58
82	45	29	76	64
92	93	51	94	52
94	91	38	57	87
49	55	90	33	71
61	73	79	16	36
14	85	22	35	92
15	85	51	96	62
95	17	85	23	37
21	78	20	86	89
35	80	50	98	53
95	88	81	90	40
84	58	40	35	89
26	58	13	17	88
83	88	38	36	41
95	38	40	66	74
20	85	100	91	31
77	73	18	34	56
61	62	44	57	11
93	63	71	49	14
93	38	34	21	53
23	83	18	64	48
87	36	34	89	92
27	82	89	62	74
42	83	24	70	96
69	15	32	76	32
10	56	17	30	79
20	64	85	78	69
65	15	48	66	50
59	28	94	60	63
97	65	92	39	35
39	32	71	97	49
52	16	58	95	78
64	45	71	33	14
32	24	11	99	49
99	10	62	48	68
30	31	34	23	91
86	25	63	38	31
63	75	64	70	74
89	46	39	17	20
20	67	64	98	20
64	48	13	37	30
23	42	74	83	75
37	72	26	13	12
85	15	27	96	93
70	30	37	90	92
72	86	44	37	57
65	68	43	46	49
51	15	59	94	75
38	52	23	78	29
53	69	45	18	53
13	45	69	56	31
45	83	84	57	69
42	17	59	46	91
51	42	47	20	100
89	96	10	33	36
75	87	27	12	89
96	24	35	45	92
63	71	81	62	38
16	32	79	98	90
31	58	19	63	14
47	71	91	34	29
31	73	79	18	54
33	92	40	35	10
43	38	61	99	72
31	39	92	78	43
75	22	46	93	22
35	93	65	98	49
94	25	65	33	37
15	30	42	38	51
76	59	59	86	98
40	42	85	30	96
46	39	45	84	55
70	91	41	74	80
16	39	84	88	62
91	83	98	36	77
73	86	85	91	74
56	24	45	73	42
97	13	76	28	99
58	88	91	88	50
83	60	56	55	72
40	59	76	34	71
89	51	96	83	60
75	68	16	79	58
74	78	64	19	77
28	58	29	76	12
13	13	36	23	51
78	80	43	90	39
29	14	53	86	96
59	65	99	95	43
65	92	57	59	56
13	13	86	70	72
42	96	12	91	60
50	68	48	10	76
79	68	89	12	50
24	98	94	59	88
10	69	60	13	58
87	48	96	33	92
66	18	18	20	24
84	74	95	84	11
25	13	47	24	11
68	67	61	58	35
21	98	92	67	86
34	86	27	18	14
55	48	23	11	14
51	72	23	78	22
55	62	40	41	76
37	29	79	54	95
31	40	83	100	34
42	16	52	59	46
100	71	80	62	72
66	59	64	39	54
42	89	60	100	98
67	20	79	30	66
76	81	30	33	38
41	35	28	51	10
19	91	26	94	50
54	41	42	25	22
97	65	14	33	25
97	92	65	83	30
54	36	56	46	64
96	62	78	62	46
33	68	72	18	83
41	53	64	55	99
78	12	35	77	16
91	35	49	20	51
56	32	87	78	96
75	57	63	44	56
59	63	54	51	71
23	87	30	25	66
30	23	75	96	77
35	63	42	33	13
94	12	44	55	19
91	59	23	93	57
25	55	58	49	91
98	36	18	83	29
39	54	15	71	100
27	98	40	48	35
96	51	50	75	38
63	32	17	36	100
97	74	98	99	83
100	61	10	75	69
93	58	37	80	34
71	56	59	60	31
40	97	39	99	92
18	59	81	95	23
69	79	98	98	25
44	62	13	49	21
10	21	12	87	60
23	16	35	26	77
89	43	76	79	26
83	68	65	56	71
42	30	54	25	84
86	59	65	60	78
